School Name,Absent <=5D Percentage,Absent 6D-15D Percentage,Absent >15D Percentage
Appling County High School,29.4,42.9,27.7
Appling County Elementary School,38.1,42.2,19.6
Appling County Middle School,46.1,37.6,16.3
Appling County Primary School,41.1,45.3,13.5
Altamaha Elementary School,40.4,46.0,13.6
Fourth District Elementary School,34.8,42.6,22.7
All Schools,,,
Atkinson County High School,55.6,31.2,13.2
Atkinson County Middle School,54.8,32.0,13.2
Willacoochee Elementary School,45.8,45.8,8.4
Pearson Elementary School,49.9,39.6,10.4
Bacon County Primary School,26.4,46.5,27.1
Bacon County Middle School,35.3,36.2,28.5
Bacon County High School,23.7,36.3,39.9
Bacon County Elementary School,29.3,42.1,28.6
Baker County K12 School,31.7,46.1,22.2
Oak Hill MS,51.6,27.5,20.9
Baldwin High School,48.5,20.4,31.1
Lakeview Academy,46.1,35.1,18.9
Midway Hills Primary,36.3,38.1,25.6
Lakeview Primary,43.1,34.6,22.3
Midway Hills Academy,39.2,38.2,22.6
Banks County Middle School,37.7,40.6,21.6
Banks County Elementary School,39.3,44.9,15.8
Banks County High School,36.1,33.0,30.9
Banks County Primary School,36.0,47.8,16.2
Apalachee High School,14.5,28.8,56.8
County Line Elementary School,41.8,40.3,17.9
Haymon-Morris Middle School,34.3,36.8,28.8
Bear Creek Middle School,7.8,22.1,70.1
Kennedy Elementary School,24.6,40.6,34.7
Bramlett Elementary School,49.3,37.2,13.5
Westside Middle School,68.1,26.1,5.8
Bethlehem Elementary School,64.5,23.6,12.0
Russell Middle School,25.4,36.1,38.5
Yargo Elementary School,45.6,41.7,12.7
Winder Elementary School,6.3,28.8,64.9
Auburn Elementary School,28.5,45.6,25.9
Winder-Barrow High School,11.7,27.9,60.4
Holsenbeck Elementary School,37.2,42.0,20.7
Statham Elementary School,29.3,44.7,26.0
Woodland Middle School at Euharlee,34.2,41.0,24.8
Clear Creek Elementary School,50.0,40.4,9.6
Adairsville High School,28.8,35.4,35.8
Pine Log Elementary,46.6,42.6,10.8
Euharlee Elementary School,41.7,41.5,16.8
Cass High School,37.1,32.0,30.9
Cloverleaf Elementary,42.9,39.0,18.1
White Elementary School,46.5,42.8,10.7
Adairsville Elementary School,23.8,41.7,34.5
Mission Road Elementary School,51.7,37.7,10.6
Cass Middle School,42.9,35.0,22.1
Allatoona Elementary School,40.2,46.4,13.4
Woodland High School,60.1,23.1,16.8
Kingston Elementary School,31.0,43.0,26.0
Adairsville Middle School,34.8,41.2,24.0
Hamilton Crossing Elementary School,48.2,38.0,13.8
Taylorsville Elementary School,40.7,41.5,17.8
Emerson Elementary School,41.7,38.7,19.6
Ben Hill Elementary School,39.7,39.8,20.5
Ben Hill County Primary School,32.4,42.9,24.6
Fitzgerald High School,44.6,31.9,23.6
Ben Hill County Middle School,36.6,37.5,26.0
Berrien High School,15.4,27.4,57.2
Berrien Academy Performance Learning Center,44.0,29.3,26.7
Berrien Middle School,18.1,37.1,44.7
Berrien Elementary School,21.1,42.1,36.8
Berrien Primary School,22.4,45.4,32.2
Skyview Elementary School,42.8,36.6,20.6
Burdell Elementary School,22.2,27.0,50.7
Howard High School,23.5,32.4,44.1
Ballard Hudson Middle School,4.2,14.1,81.8
Bruce Elementary School,8.7,26.4,64.9
Academy For Classical Education,71.9,24.0,4.1
Central High School,29.5,37.1,33.4
Westside High School,66.8,22.1,11.1
Vineville Academy,50.6,36.0,13.4
Rutland High School,11.5,28.4,60.1
Howard Middle School,21.5,30.1,48.5
Northeast High School,3.1,8.9,88.0
Miller Magnet Middle School,30.0,28.3,41.7
Rutland Middle School,5.3,22.7,72.0
Price Academy,85.1,6.4,8.5
Williams Elementary School,10.8,28.4,60.8
Southwest High School,4.2,8.7,87.2
Rosa Taylor Elementary School,34.2,34.3,31.5
Weaver Middle School,10.3,20.2,69.4
Heritage Elementary School,7.1,14.7,78.2
Union Elementary School,42.1,41.3,16.6
Alexander II Magnet School,54.7,29.8,15.5
Bernd Elementary School,13.2,30.1,56.6
Porter Elementary School,42.5,29.4,28.1
Springdale Elementary School,76.5,19.8,3.7
Carter Elementary School,51.2,32.2,16.6
Lane Elementary School,23.3,37.4,39.3
Martin Luther King Jr Elementary School,17.7,32.4,49.9
Southfield Elementary School,12.9,32.9,54.3
Veterans Elementary School,33.1,42.8,24.1
Hartley Elementary School,13.2,21.9,64.9
Heard Elementary School,38.2,41.9,19.9
Ingram/Pye Elementary School,6.1,22.9,70.9
Appling Middle School,15.6,25.8,58.7
Bleckley County High School,84.3,13.9,1.9
Bleckley Middle School,53.8,36.3,9.9
Bleckley County Success Academy,51.5,32.0,16.5
Bleckley County Elementary School,72.0,24.4,3.5
Bleckley County Primary School,55.6,36.6,7.8
Waynesville Primary School,36.4,40.9,22.7
Atkinson Elementary School,33.6,34.0,32.4
Brantley County Middle School,34.3,36.6,29.1
Nahunta Elementary School,44.8,40.0,15.2
Brantley County High School,34.8,29.5,35.7
Hoboken Elementary School,53.7,34.8,11.5
Nahunta Primary School,36.3,41.8,21.9
Brooks County High School,30.4,29.0,40.6
Quitman Elementary School,30.1,42.5,27.5
Brooks County Middle School,48.4,33.9,17.6
North Brooks Elementary School,29.8,41.6,28.6
Delta Innovative School,92.2,7.0,0.8
Dr. George Washington Carver Elementary School,65.8,28.5,5.7
Richmond Hill High School,51.9,31.9,16.2
Richmond Hill Middle School,53.5,33.1,13.4
Richmond Hill Primary School,62.3,31.1,6.6
Lanier Primary School,43.5,41.9,14.6
Bryan County Elementary School,51.1,38.9,10.0
Richmond Hill Elementary School,65.8,29.5,4.7
Bryan County Middle School,45.0,36.3,18.7
Bryan County High School,40.1,28.9,30.9
McAllister Elementary School,72.2,26.0,1.8
Mill Creek Elementary School,58.3,32.7,9.1
Nevils Elementary School,52.6,37.8,9.6
William James Middle School,52.9,32.4,14.8
Langston Chapel Elementary School,49.5,32.4,18.1
Brooklet Elementary School,52.0,36.9,11.1
Southeast Bulloch High School,42.5,34.1,23.5
Langston Chapel Middle School,49.1,32.0,18.9
Southeast Bulloch Middle School,43.5,39.1,17.4
Portal Elementary School,44.5,41.2,14.3
Julia P. Bryant Elementary School,60.9,31.7,7.4
Statesboro High School,53.9,25.3,20.8
Stilson Elementary School,44.7,41.6,13.8
Portal Middle/High School,44.7,32.1,23.2
Mattie Lively Elementary School,58.7,31.7,9.6
Sallie Zetterower Elementary School,56.7,31.0,12.4
Blakeney Elementary,63.7,26.4,9.9
Burke County Middle School,91.6,7.1,1.3
S G A Elementary School,59.8,32.6,7.6
Burke County High School,69.0,18.5,12.5
Waynesboro Primary School,43.2,33.9,22.9
Henderson Middle School,69.6,13.7,16.7
Hampton L. Daughtry Elementary School,40.9,39.9,19.3
Stark Elementary School,44.7,35.3,20.0
Jackson Elementary School,87.0,10.4,2.6
Jackson High School,69.5,20.5,10.0
Calhoun County High School,37.5,25.0,37.5
Calhoun County Elementary School,41.5,32.7,25.9
Calhoun County Middle School,25.4,23.8,50.8
Mamie Lou Gross Elementary School,55.9,33.7,10.4
Saint Marys Middle School,51.1,35.9,13.0
Saint Marys Elementary School,54.8,34.3,11.0
Camden Middle School,47.3,33.3,19.4
Crooked River Elementary School,56.2,36.2,7.6
Matilda Harris Elementary School,61.4,31.9,6.8
Woodbine Elementary School,53.8,33.4,12.7
Kingsland Elementary School,47.9,38.2,13.9
David L Rainer Elementary School,60.2,30.9,8.9
Sugarmill Elementary,65.0,29.5,5.5
Camden County High School,45.5,32.5,22.0
Mary Lee Clark Elementary School,55.1,31.7,13.2
Metter Middle School,61.1,31.6,7.2
Metter Elementary School,42.3,39.4,18.3
Sharp Creek Elementary School,35.8,35.8,28.4
Bowdon Middle School,32.0,36.6,31.4
Temple Middle School,25.5,39.4,35.1
KidsPeace,100.0,0.0,0.0
Providence Elementary School,26.6,45.6,27.8
Mount Zion Elementary School,66.6,26.1,7.3
Central Middle School,33.8,36.2,30.0
Temple High School,28.9,35.0,36.1
Bay Springs Middle School,30.9,35.5,33.6
Mt. Zion High School,27.0,33.6,39.4
Villa Rica Middle,34.0,32.2,33.8
Roopville Elementary School,39.0,41.2,19.9
Whitesburg Elementary School,30.9,43.5,25.7
Glanton-Hindsman Elementary,40.0,33.8,26.2
Villa Rica Elementary School,33.9,38.7,27.4
Temple Elementary School,32.4,39.1,28.5
Bowdon Elementary School,33.9,41.8,24.4
Bowdon High School,31.6,36.5,31.8
Central Elementary School,32.1,45.2,22.7
Sand Hill Elementary School,47.8,43.9,8.4
Villa Rica High School,32.5,30.3,37.2
Ringgold Primary School,61.9,33.0,5.2
Battlefield Primary,62.7,31.5,5.8
Battlefield Elementary School,63.5,29.9,6.6
Woodstation Elementary School,63.8,32.5,3.6
Heritage High School,59.6,18.4,22.0
Tiger Creek Elementary School,61.6,30.9,7.5
Heritage Middle School,70.7,24.7,4.6
Boynton Elementary School,56.7,35.5,7.8
Lakeview-Fort Oglethorpe High School,60.5,26.2,13.3
West Side Elementary School,81.9,14.4,3.7
Lakeview Middle School,58.7,31.5,9.8
Cloud Springs Elementary School,51.9,38.2,9.9
Ringgold Elementary School,64.2,28.7,7.1
Ringgold High School,43.5,34.8,21.7
Graysville Elementary School,56.8,37.6,5.5
Ringgold Middle School,62.5,29.5,8.0
Bethune Middle School,46.5,36.6,17.0
Folkston Elementary School,47.9,34.2,17.9
Charlton County High School,45.2,35.3,19.5
St. George Elementary School,36.1,46.7,17.2
Johnson High School,40.8,28.4,30.8
UHS of Savannah Coastal Harbor Treatment Center,100.0,0.0,0.0
Coastal Empire Montessori Charter School,74.0,17.0,9.0
Woodville-Tompkins Technical and Career High School,64.4,23.6,12.0
Pulaski Elementary SChool,67.7,19.6,12.7
New Hampstead High School,72.4,14.7,13.0
Oglethorpe Charter School,89.4,6.4,4.2
The STEM Academy at Bartlett,98.1,1.3,0.6
Tybee Island Maritime Academy School,74.5,20.1,5.4
Savannah Classical Academy Charter School,39.6,45.5,14.9
Esther F. Garrison School for the Arts,87.4,10.1,2.5
Georgetown School,96.1,2.9,0.9
Garden City Elementary School,64.8,27.4,7.8
West Chatham Middle School,56.3,18.1,25.6
West Chatham Elementary School,59.2,24.7,16.1
DeRenne Middle School,47.5,25.8,26.7
The School of Liberal Studies at Savannah High,38.2,26.9,34.9
Godley Station School,85.4,10.7,3.9
Marshpoint Elementary School,82.6,11.9,5.5
Southwest Middle School,56.7,22.1,21.3
Southwest Elementary School,65.7,18.2,16.1
Coastal Middle School,63.4,21.3,15.3
Islands High School,43.7,22.9,33.4
Savannah Arts Academy,70.2,18.0,11.8
Shuman Elementary School,51.3,29.8,18.9
Rice Creek School,66.4,23.2,10.3
Savannah Early College High School,82.6,10.4,7.0
School of Humanities at Juliette Gordon Low,32.5,27.1,40.5
Susie King Taylor Community School,54.5,27.1,18.4
Savannah Classical Academy Charter High School,35.2,48.1,16.7
Otis J Brock III Elementary School,64.7,20.4,14.9
Gadsden Elementary School,49.3,25.9,24.8
Howard Elementary School,77.9,15.7,6.4
White Bluff Elementary School,68.9,19.1,11.9
Beach High School,25.9,14.2,59.9
Gould Elementary School,67.6,18.0,14.4
Hubert Middle School,35.4,17.9,46.7
Largo-Tibet Elementary School,68.8,20.0,11.2
Andrea B Williams Elementary School,44.1,28.9,27.0
Groves High School,29.5,19.8,50.7
Isle of Hope School,82.5,13.4,4.0
Pooler Elementary School,61.2,25.5,13.3
Bloomingdale Elementary School,59.4,22.8,17.8
Ellis Elementary School,99.5,0.0,0.5
Haven Elementary School,51.6,27.1,21.3
Hesse School,78.0,18.4,3.5
Port Wentworth Elementary School,87.3,9.5,3.2
Windsor Forest Elementary School,55.1,27.3,17.6
Butler Elementary School,72.1,16.0,11.9
Hodge Elementary School,74.2,14.8,11.0
Jenkins High School,43.2,17.1,39.7
Mercer Middle School,35.4,22.2,42.3
Jacob G. Smith Elementary School,85.3,12.2,2.5
Windsor Forest High School,37.2,17.5,45.3
Chattahoochee County Education Center,34.4,55.8,9.8
Chattahoochee County Middle School,54.2,41.6,4.2
Chattahoochee County High School,61.7,32.9,5.4
Leroy Massey Elementary School,19.3,34.1,46.6
Chattooga High School,21.6,27.6,50.8
Lyerly Elementary School,26.0,46.4,27.6
Summerville Middle School,21.2,33.7,45.1
Menlo Elementary School,18.9,43.5,37.6
Carmel Elementary School,38.4,40.9,20.6
Woodstock Elementary School,47.5,34.6,18.0
"William G. Hasty, Sr. Elementary School",33.9,42.5,23.6
Creekview High School,24.0,35.1,40.9
Avery Elementary School,46.0,39.3,14.7
Mill Creek Middle School,26.2,32.2,41.6
River Ridge High School,31.7,30.5,37.8
Indian Knoll Elementary,45.6,39.4,15.0
Etowah High School,42.3,32.6,25.1
E. T. Booth Middle School,33.5,35.6,30.9
Johnston Elementary School,33.9,37.7,28.4
Dean Rusk Middle School,38.1,36.5,25.4
Boston Elementary School,31.2,44.4,24.4
Mountain Road Elementary School,40.2,42.2,17.5
Sequoyah High School,27.7,34.7,37.6
Sixes Elementary School,35.8,40.9,23.3
Bascomb Elementary School,48.4,41.5,10.1
Woodstock High School,41.8,29.4,28.8
R. M. Moore Elementary School,31.8,44.4,23.7
Holly Springs Elementary School,38.6,39.1,22.3
Liberty Elementary School,43.0,39.9,17.1
Freedom Middle School,45.0,23.4,31.7
Ball Ground Elementary School,44.3,40.1,15.6
Teasley Middle School,27.6,36.7,35.6
Woodstock Middle School,38.6,36.0,25.5
Creekland Middle School,90.3,8.2,1.5
Little River Elem.,46.2,37.9,15.9
Clark Creek Elementary School,47.1,34.6,18.3
Arnold Mill Elementary School,36.5,45.4,18.2
Free Home Elementary School,31.8,43.6,24.6
J. Knox Elementary,47.2,40.4,12.4
Clayton Elementary School,37.4,48.0,14.6
Oak Grove Elementary School,60.3,32.5,7.2
Hickory Flat Elementary School,57.1,28.4,14.4
Cherokee High School,34.1,32.4,33.6
Macedonia Elementary School,47.2,40.5,12.3
Cedar Shoals High School,35.9,17.6,46.5
Classic City High School,45.2,12.9,41.9
Alps Road Elementary School,36.6,28.8,34.6
Judia Jackson Harris Elementary,46.8,34.1,19.0
Timothy Elementary School,63.9,21.6,14.6
Cleveland Road Elementary School,51.4,25.1,23.5
Coile Middle School,51.3,25.0,23.7
Gaines Elementary School,29.5,26.8,43.7
Howard B. Stroud Elementary School,33.2,29.1,37.8
Burney-Harris-Lyons Middle School,73.4,15.9,10.7
Whit Davis Road Elementary School,46.9,28.4,24.7
Clarke Middle School,56.4,19.8,23.8
Whitehead Road Elementary School,53.0,33.5,13.4
Barnett Shoals Elementary School,48.1,26.2,25.7
Winterville Elementary School,47.0,30.4,22.5
Barrow Elementary School,57.3,19.0,23.7
Fowler Drive Elementary School,46.7,28.6,24.7
Oglethorpe Avenue Elementary School,55.0,24.5,20.5
Chase Street Elementary School,58.0,20.7,21.3
Hilsman Middle School,52.0,19.5,28.5
Clarke Central High School,50.1,18.6,31.4
Clay County Middle School,48.7,27.6,23.7
Clay County Elementary,30.3,36.7,33.0
M. D. Roberts Middle School,81.0,11.6,7.3
Callaway Elementary School,44.9,42.1,13.1
Mundy's Mill High School,46.3,17.9,35.7
Thurgood Marshall Elementary School,51.8,27.3,20.9
Jonesboro Middle School,43.9,22.0,34.1
Sequoyah Middle School,55.4,21.3,23.3
Mount Zion Primary,49.1,32.1,18.8
Elite Scholars Academy School,93.3,6.1,0.6
Charles R. Drew High School,34.4,21.9,43.7
Eddie White Middle School,74.1,15.8,10.1
Morrow Middle School,58.7,16.3,25.0
Kilpatrick Elementary School,41.2,28.3,30.5
Mundys Mill Middle School,50.6,23.1,26.3
Brown Elementary School,55.5,25.2,19.4
Adamson Middle School,78.6,15.2,6.2
Pointe South Elementary School,43.6,34.5,21.9
Lovejoy High School,50.8,20.9,28.3
Lovejoy Middle School,57.0,21.4,21.6
River's Edge Elementary School,79.1,15.2,5.6
Kendrick Middle School,46.1,18.8,35.1
Hawthorne Elementary School,59.4,24.9,15.7
Roberta T. Smith Elementary School,70.8,19.2,10.0
Harper Elementary School,31.3,32.5,36.3
"Martin Luther King, Jr. Elementary School",28.1,36.3,35.6
Kemp Primary,46.4,29.9,23.7
Rex Mill Middle School,95.6,3.5,0.9
Martha Ellen Stilwell School for the Performing Arts,84.0,13.9,2.0
Oliver Elementary School,44.9,32.4,22.8
Pointe South Middle School,52.5,18.1,29.4
Mount Zion High School,37.5,22.4,40.1
Lake Ridge Elementary School,46.9,28.8,24.4
James Jackson Elementary School,60.3,25.1,14.6
Kemp Elem School,48.1,31.0,20.9
Unidos Dual Language School,64.3,22.1,13.6
Riverdale High School,43.0,20.9,36.1
Perry Career Academy - Eula Wilburn Ponds Perry Center for Learning,18.3,13.2,68.5
Kay R Pace Elementary School of the Arts,82.1,14.2,3.7
Anderson Elementary School,51.9,28.8,19.3
East Clayton Elementary School,64.3,25.2,10.6
Forest Park High School,46.2,17.3,36.5
Jonesboro High School,50.6,19.6,29.8
Lee Street Elementary School,39.9,24.4,35.8
Northcutt Elementary School,37.7,29.0,33.3
Tara Elementary School,39.2,27.5,33.3
Arnold Elementary School,62.5,25.4,12.2
North Clayton High School,35.3,18.9,45.8
Forest Park Middle School,38.0,18.5,43.5
Morrow Elementary School,50.4,28.4,21.2
Riverdale Elementary School,40.9,33.1,26.0
West Clayton Elementary School,33.9,28.7,37.4
Fountain Elementary School,43.3,33.2,23.5
Babb Middle School,51.2,18.1,30.7
North Clayton Middle School,52.9,22.7,24.4
Haynie Elementary School,52.9,23.7,23.4
Riverdale Middle School,51.3,20.5,28.2
Church Street Elementary School,65.1,20.3,14.6
Lake City Elementary School,55.9,27.1,17.0
Morrow High School,55.8,21.8,22.4
Suder Elementary School,46.6,24.7,28.7
Edmonds Elementary School,42.2,25.0,32.8
Huie Elementary School,56.9,22.4,20.6
William M. McGarrah Elementary School,59.9,25.9,14.2
Swint Elementary School,55.1,26.6,18.3
Clinch County Elementary School,50.6,41.0,8.5
Clinch County Middle School,36.3,43.2,20.5
Clinch County High School,47.3,37.8,14.8
Kennesaw Mountain High School,79.9,12.8,7.3
Kell High School,65.4,18.2,16.4
Bullard Elementary School,79.9,17.4,2.7
McCall Primary School,61.0,27.6,11.3
Pickett's Mill Elementary,76.1,19.7,4.2
East Side Elementary School,90.9,8.0,1.1
Clarkdale Elementary School,64.0,26.1,9.8
Mableton Elementary School,52.1,30.5,17.4
Birney Elementary School,48.2,33.2,18.6
Walton High School,85.0,12.0,3.0
Mabry Middle School,84.5,12.4,3.1
Still Elementary School,78.8,18.1,3.1
Tritt Elementary School,86.4,12.3,1.3
McCleskey Middle School,69.2,20.7,10.1
Garrison Mill Elementary School,88.0,11.1,0.9
Keheley Elementary School,82.1,15.8,2.1
Pope High School,77.1,16.6,6.3
Baker Elementary School,74.0,19.7,6.4
Dowell Elementary School,62.7,28.2,9.1
Varner Elementary School,77.0,18.6,4.5
Harrison High School,87.2,9.6,3.2
Hayes Elementary School,63.2,26.1,10.8
Vaughan Elementary School,84.2,13.6,2.2
Chalker Elementary School,69.5,23.5,7.0
Nickajack Elementary School,72.1,20.6,7.3
Lindley Middle School,35.3,22.6,42.1
Kemp Elementary School,81.2,17.0,1.8
Pitner Elementary School,69.7,24.8,5.5
Austell Elementary School,47.6,32.4,20.0
Allatoona High School,76.4,15.9,7.6
Smyrna Elementary School,65.1,23.0,11.9
Kincaid Elementary School,78.5,18.7,2.8
Dodgen Middle School,83.5,13.8,2.8
Mount Bethel Elementary School,88.5,10.3,1.2
Pine Mountain Middle School,74.6,17.7,7.7
Dickerson Middle School,87.4,10.3,2.3
Lewis Elementary School,86.5,9.9,3.5
Mountain View Elementary School,54.0,31.8,14.2
Addison Elementary School,78.3,18.8,2.9
Campbell Middle School,62.0,20.4,17.7
Shallowford Falls Elementary School,86.6,12.6,0.8
Ford Elementary School,87.3,11.7,1.0
Smitha Middle School,49.0,26.9,24.1
Frey Elementary School,80.7,15.6,3.7
Cheatham Hill Elementary School,76.7,19.0,4.3
Durham Middle School,79.0,17.0,3.9
Acworth Intermediate School,63.3,27.8,8.8
Lindley 6th Grade Academy,47.9,24.6,27.5
Sprayberry High School,67.9,17.9,14.2
Murdock Elementary School,86.1,13.2,0.7
Rocky Mount Elementary School,86.9,11.2,2.0
Lassiter High School,81.5,14.1,4.4
Davis Elementary School,24.3,31.6,44.1
Simpson Middle School,76.2,17.3,6.5
Nicholson Elementary School,68.8,25.7,5.6
Hightower Trail Middle School,88.5,10.0,1.4
Green Acres Elementary School,45.5,32.9,21.7
Sanders Elementary School,54.0,30.7,15.3
Blackwell Elementary School,66.4,25.2,8.4
Hendricks Elementary School,56.5,29.8,13.7
Kennesaw Elementary School,66.9,25.6,7.6
Barber Middle School,65.5,22.5,12.1
Tapp Middle School,65.5,21.7,12.9
Sope Creek Elementary School,91.4,7.7,0.9
Powder Springs Elementary School,55.2,30.6,14.2
Timber Ridge Elementary School,75.7,19.3,5.0
Lost Mountain Middle School,83.7,14.6,1.8
Cooper Middle School,67.9,18.9,13.1
Big Shanty Elementary School,66.7,25.8,7.5
McClure Middle School,75.9,17.7,6.4
Bryant Elementary School,45.8,33.2,21.0
Palmer Middle School,75.9,18.0,6.1
Lovinggood Middle School,86.1,10.3,3.6
Hillgrove High School,80.2,13.8,6.1
Devereux Ackerman Academy,100.0,0.0,0.0
Cobb Horizon High School,21.5,18.5,60.0
Belmont Hills Elementary School,62.2,24.9,12.9
Campbell High School,59.6,19.8,20.5
East Cobb Middle School,55.1,23.3,21.7
Garrett Middle School,54.1,21.7,24.2
McEachern High School,61.7,21.5,16.8
Norton Park Elementary School,50.6,31.1,18.3
Powers Ferry Elementary School,52.8,29.4,17.8
Wheeler High School,69.1,18.0,13.0
Argyle Elementary School,52.1,29.3,18.6
North Cobb High School,68.8,18.6,12.6
King Springs Elementary School,81.7,14.6,3.7
Osborne High School,45.8,22.6,31.6
Griffin Middle School,62.0,22.5,15.5
South Cobb High School,57.7,20.6,21.6
Fair Oaks Elementary School,54.4,31.3,14.3
LaBelle Elementary School,53.4,33.0,13.5
Milford Elementary School,48.6,36.0,15.4
Russell Elementary School,37.9,42.6,19.6
Compton Elementary School,47.7,31.9,20.4
Awtrey Middle School,62.1,24.7,13.3
Daniell Middle School,66.6,19.5,13.9
Pebblebrook High School,39.2,24.9,35.9
Teasley Elementary School,78.5,16.2,5.2
Hollydale Elementary School,64.2,24.1,11.7
Bells Ferry Elementary School,67.6,24.4,8.0
Brumby Elementary School,54.2,32.0,13.8
Due West Elementary School,79.1,17.1,3.8
Floyd Middle School,54.1,24.0,21.9
Sedalia Park Elementary School,59.0,29.4,11.5
Eastvalley Elementary School,79.7,16.8,3.5
Indian Creek Elementary,55.5,36.9,7.6
Coffee Middle School,41.4,38.0,20.7
Wiregrass Regional College and Career Academy,78.9,14.6,6.6
Satilla Elementary School,41.1,41.3,17.5
Broxton-Mary Hayes Elementary,48.3,29.8,21.9
Coffee County High School,41.9,32.1,26.0
Eastside Elementary School,49.3,41.8,8.9
Nicholls Elementary School,40.3,41.2,18.5
George Washington Carver Freshman Campus,55.3,30.9,13.7
West Green Elementary School,40.4,42.7,16.9
Westside Elementary School,57.6,37.7,4.7
Willie J. Williams Middle School,34.6,39.3,26.1
Doerun Elementary School,33.6,41.9,24.6
Odom Elementary School,41.0,42.9,16.1
Norman Park Elementary School,43.7,41.7,14.6
Colquitt County High School,41.1,30.8,28.1
Funston Elementary School,53.1,35.4,11.5
Wright Elementary School,59.0,35.1,5.9
Stringfellow Elementary School,33.7,40.8,25.5
CA Gray Junior High School,32.2,36.4,31.3
Okapilco Elementary School,35.8,41.9,22.3
Cox Elementary School,33.6,37.2,29.2
Hamilton Elementary School,51.6,40.9,7.5
Sunset Elementary School,50.6,37.2,12.3
Greenbrier Middle School,57.2,35.1,7.7
Lewiston Elementary School,52.4,36.3,11.3
Grovetown Middle School,50.6,35.4,14.1
River Ridge Elementary,58.2,34.1,7.6
Evans Middle School,49.8,28.3,21.9
Stallings Island Middle School,57.0,33.6,9.4
Grovetown High School,47.2,32.3,20.6
Westmont Elementary School,46.3,38.2,15.4
Harlem High School,38.7,36.6,24.7
Evans Elementary School,50.1,40.1,9.9
Blue Ridge Elementary School,63.4,31.0,5.6
Lakeside High School,86.2,8.6,5.2
Brookwood Elementary School,67.7,29.1,3.3
Stevens Creek Elementary School,55.6,35.4,9.0
Riverside Middle School,51.5,37.2,11.3
Riverside Elementary School,93.3,5.9,0.8
Greenbrier High School,48.7,36.2,15.1
Cedar Ridge Elementary School,51.7,35.0,13.3
Baker Place Elementary,55.8,35.2,8.9
Harlem Middle School,45.8,35.7,18.5
Lakeside Middle School,58.9,28.1,13.0
Greenbrier Elementary School,53.6,37.8,8.6
Euchee Creek Elementary School,48.2,39.3,12.6
Parkway Elementary School,53.7,38.0,8.3
Columbia Middle School,37.6,17.9,44.6
Martinez Elementary School,54.4,34.4,11.2
North Columbia Elementary School,41.3,38.8,19.9
Evans High School,51.4,29.0,19.6
North Harlem Elementary School,38.5,40.5,21.0
Grovetown Elementary School,50.2,35.1,14.7
South Columbia Elementary School,46.1,39.7,14.1
Cook County Middle School,52.9,34.5,12.6
Cook Elementary School,46.7,39.4,13.9
Cook High School,25.9,39.7,34.4
Cook Primary School,39.5,40.7,19.8
Arbor Springs Elementary,70.3,26.3,3.4
Willis Road Elementary,65.3,28.7,6.0
Lee Middle School,69.5,22.0,8.5
Brooks Elementary,67.4,26.6,6.0
White Oak Elementary School,79.5,18.5,2.1
Canongate Elementary School,63.1,30.7,6.1
Newnan Crossing Elementary School,70.9,23.9,5.1
Jefferson Parkway Elementary School,46.4,30.7,22.9
Northgate High School,66.3,23.8,9.9
Poplar Road Elementary School,57.1,28.8,14.1
Welch Elementary School,61.7,30.4,7.9
Glanton Elementary,60.0,29.8,10.2
East Coweta Middle School,65.7,23.8,10.6
Thomas Crossroads Elementary School,75.8,20.7,3.5
Madras Middle School,74.9,20.6,4.6
Smokey Road Middle School,64.6,25.4,10.0
East Coweta High School,75.2,17.4,7.5
Arnall Middle School,72.2,19.7,8.1
Arnco-Sargent Elementary School,57.4,29.2,13.5
Ruth Hill Elementary School,42.8,40.9,16.3
Northside Elementary School,16.1,34.2,49.7
Elm Street Elementary School,57.9,30.5,11.7
Moreland Elementary School,67.9,26.5,5.6
Newnan High School,66.3,20.2,13.5
Western Elementary School,49.9,39.9,10.2
Crawford County High School,24.4,32.4,43.2
Crawford County Middle School,49.2,36.1,14.7
Crisp County Primary School,29.4,38.3,32.3
Crisp County High School,39.4,27.6,32.9
Crisp County Middle School,52.2,30.1,17.6
Crisp County Elementary School,30.1,29.3,40.6
Dade Elementary School,54.3,36.4,9.3
Dade County High School,50.7,36.8,12.5
Dade Middle School,51.5,32.1,16.4
Kilough Elementary School,45.8,42.2,12.1
Dawson County Middle School,41.0,42.0,17.0
Dawson County Junior High,35.9,40.6,23.5
Riverview Elementary School,43.5,43.2,13.3
Robinson Elementary School,47.9,42.7,9.4
Black's Mill Elementary School,44.0,45.8,10.3
West Bainbridge Elementary School,42.4,41.2,16.4
New Beginning Learning Center,34.5,18.0,47.5
Potter Street Elementary School,41.8,36.8,21.4
Bainbridge Middle School,37.3,33.8,28.9
Hutto Middle School,50.5,29.8,19.6
Bainbridge High School,28.9,33.7,37.3
John Johnson Elementary School,51.9,38.4,9.7
Jones-Wheat Elementary School,47.9,36.1,16.0
Narvie Harris Elementary School,90.3,7.5,2.2
Wynbrooke Elementary School,68.3,20.7,11.0
Miller Grove High School,40.9,21.7,37.4
Flat Rock Elementary School,50.9,24.5,24.5
Princeton Elementary School,39.3,27.9,32.8
DeKalb Preparatory Academy Charter,56.5,25.3,18.2
Cedar Grove High School,50.4,25.3,24.2
Vanderlyn Elementary School,95.3,4.3,0.3
Austin Elementary School,94.7,4.5,0.8
Redan High School,41.7,24.3,34.0
Eldridge L. Miller Elementary School,47.9,24.2,27.9
Panola Way Elementary School,49.6,24.0,26.4
Peachtree Middle School,75.7,13.0,11.3
Pine Ridge Elementary School,35.0,45.1,19.8
Browns Mill Elementary School,53.8,24.9,21.3
Chapel Hill Middle School,57.1,22.9,20.0
Marbut Elementary School,64.6,23.4,12.0
Cedar Grove Middle School,44.4,20.9,34.7
Lithonia High School,37.0,22.5,40.5
Lithonia Middle School,32.9,23.8,43.3
Redan Middle School,30.7,27.1,42.2
Dunwoody Elementary School,91.5,6.6,1.9
Museum School Avondale Estates,88.4,8.0,3.5
Rockbridge Elementary School,43.4,33.3,23.3
Cedar Grove Elementary School,47.6,26.9,25.5
Stone Mountain High School,26.5,23.8,49.7
Kittredge Magnet School,98.8,1.3,0.0
Salem Middle School,49.9,21.2,28.9
Shadow Rock Elementary School,45.4,30.3,24.3
"Edward L. Bouie, Sr. Elementary School",79.3,16.1,4.6
Oakview Elementary,37.4,25.0,37.6
Wadsworth Magnet School for High Achievers,95.1,4.9,0.0
Leadership Preparatory Academy,79.2,17.5,3.3
GLOBE Academy Charter School I,80.5,14.8,4.6
Tapestry Public Charter School,91.6,5.9,2.6
Fairington Elementary School,24.8,32.1,43.1
Stephenson Middle School,47.6,24.8,27.7
Robert Shaw Theme School,93.6,5.9,0.5
Mary McLeod Bethune Middle School,30.6,23.1,46.3
Chamblee Middle School,89.6,5.6,4.8
Dekalb Early College Academy,89.8,6.4,3.8
Ronald E McNair Discover Learning Academy Elementary School,37.7,27.0,35.3
DeKalb School of the Arts,86.3,10.8,2.9
Bob Mathis Elementary School,28.0,28.0,44.1
Stephenson High School,62.5,18.2,19.4
DeKalb Alternative School,37.0,20.4,42.6
East DeKalb Special Education Center,100.0,0.0,0.0
Stone Mountain Middle School,44.4,23.5,32.1
The Champion Middle Theme School,73.9,17.7,8.4
Margaret Harris Comprehensive School,6.8,10.8,82.4
Stone Mill Elementary School,82.3,13.5,4.3
Miller Grove Middle School,35.6,19.6,44.9
Tucker Middle School,57.8,17.2,25.0
"Arabia Mountain High School - Academy of Engineering, Medicine and Environm",87.8,9.4,2.8
Woodridge Elementary School,35.8,35.0,29.2
DeKalb PATH Academy Charter School,42.7,22.8,34.5
UHS of Laurel Heights,100.0,0.0,0.0
International Community School,99.3,0.5,0.2
Elizabeth Andrews High School,15.8,34.3,49.9
Druid Hills Middle School,69.9,15.7,14.4
DeKalb Elementary School of the Arts,75.9,16.4,7.7
Brockett Elementary School,67.7,19.4,12.9
Chapel Hill Elementary School,59.5,28.5,12.1
Columbia Elementary School,39.5,30.4,30.1
Dresden Elementary School,61.8,22.4,15.8
Evansdale Elementary School,71.8,16.7,11.5
McNair Middle School,5.1,10.8,84.1
Idlewood Elementary School,51.3,24.0,24.8
Livsey Elementary School,85.0,11.5,3.5
Tucker High School,77.3,13.8,8.9
Woodward Elementary School,66.6,20.5,12.9
Peachcrest Elementary School,30.8,27.6,41.6
John Robert Lewis Elementary School,54.0,25.5,20.5
Barack H. Obama Elementary Magnet School of Technology,52.3,22.3,25.4
Allgood Elementary School,42.5,35.6,21.9
Columbia High School,37.8,22.8,39.4
Druid Hills High School,60.1,19.7,20.2
Fernbank Elementary School,88.6,7.7,3.8
Henderson Mill Elementary School,68.9,18.4,12.7
Indian Creek Elementary School,51.1,31.4,17.5
McLendon Elementary School,55.6,26.6,17.8
Midvale Elementary School,72.5,19.4,8.1
Cary Reynolds Elementary School,64.6,24.4,11.0
Stone Mountain Elementary School,34.1,25.7,40.2
Ashford Park Elementary School,90.3,6.0,3.7
Briarlake Elementary School,84.9,8.9,6.2
Canby Lane Elementary School,37.3,23.8,39.0
Chesnut Elementary School,81.0,13.8,5.2
Dunaire Elementary School,49.6,20.3,30.1
Flat Shoals Elementary School,35.2,30.6,34.2
Hambrick Elementary School,46.4,28.3,25.3
Jolly Elementary School,50.2,30.0,19.8
Pleasantdale Elementary School,55.6,23.1,21.3
Rock Chapel Elementary School,71.4,16.6,12.0
Smoke Rise Elementary School,73.7,14.5,11.8
Toney Elementary School,53.4,22.4,24.2
McNair High School,24.9,18.3,56.8
Briar Vista Elementary School,77.1,14.6,8.3
Clarkston High School,42.8,19.7,37.5
Cross Keys High School,22.3,22.3,55.4
Hightower Elementary School,57.6,23.6,18.8
Kelley Lake Elementary School,30.3,30.0,39.8
Laurel Ridge Elementary School,78.0,14.6,7.3
Montclair Elementary School,57.8,23.5,18.7
Oakcliff Elementary School,86.6,10.8,2.6
Rainbow Elementary School,37.9,31.2,30.9
Rowland Elementary School,41.5,29.3,29.3
Snapfinger Elementary School,24.6,22.3,53.1
Stoneview Elementary School,43.7,30.3,26.0
Towers High School,23.4,21.8,54.8
Avondale Elementary School,47.2,22.0,30.7
Chamblee Charter High School,90.8,6.0,3.2
Dunwoody High School,69.0,15.4,15.6
Huntley Hills Elementary School,66.2,23.3,10.6
Kingsley Elementary School,63.7,18.2,18.2
Montgomery Elementary School,94.6,4.3,1.1
Redan Elementary School,55.8,28.3,15.9
Sagamore Hills Elementary School,78.6,14.4,7.0
Southwest DeKalb High School,42.6,26.6,30.8
Dodge County High School,65.8,27.6,6.7
Dodge County Middle School,56.9,33.5,9.6
South Dodge Elementary School,43.0,42.6,14.3
North Dodge Elementary School,41.4,41.4,17.3
DAC (Dodge County Achievement Center),78.5,10.8,10.8
Dooly County Elementary School,31.8,24.4,43.9
Dooly County High School,26.3,29.6,44.1
Dooly County Middle School,24.3,27.2,48.5
Dooly County Prep Academy,9.1,18.2,72.7
Albany Middle School,12.8,20.7,66.4
Live Oak Elementary School,38.0,31.6,30.5
Robert A. Cross Middle Magnet,80.6,13.1,6.3
Robert H Harvey Elementary School,33.8,33.2,33.0
Radium Springs Middle School,84.1,0.7,15.2
Lamar Reese School of the Arts,100.0,0.0,0.0
Lincoln Elementary Magnet School,73.5,21.7,4.8
Alice Coachman Elementary School,32.8,31.5,35.7
Monroe High School,77.8,1.5,20.7
Dougherty Comprehensive High School,35.3,29.1,35.6
Morningside Elementary School,89.3,8.2,2.5
Turner Elementary School,55.6,23.8,20.6
Lake Park Elementary School,47.7,44.8,7.5
Merry Acres Middle School,79.7,15.8,4.5
Sherwood Acres Elementary School,31.9,36.1,32.0
Westover High School,58.7,17.8,23.6
International Studies Elementary Charter School,75.2,16.7,8.1
Radium Springs Elementary School,41.8,26.3,31.8
West Town Elementary School,57.4,31.4,11.2
Chapel Hill High School,56.7,24.6,18.7
Yeager Middle School,36.2,27.2,36.7
North Douglas Elementary School,48.3,32.9,18.8
Bill Arp Elementary School,25.3,41.6,33.0
Factory Shoals Middle School,38.0,28.5,33.5
Mason Creek Elementary School,47.5,37.6,14.9
Mason Creek Middle School,52.1,25.5,22.4
Lithia Springs Comprehensive High School,30.9,24.6,44.5
Arbor Station Elementary School,66.2,26.2,7.6
Fairplay Middle School,53.8,29.3,16.9
Dorsett Shoals Elementary School,45.7,36.4,17.9
Alexander High School,45.1,29.1,25.8
Chestnut Log Middle School,25.8,28.2,46.0
South Douglas Elementary School,61.5,30.1,8.4
Bright Star Elementary School,40.0,36.4,23.6
Holly Springs Elementary,58.0,32.3,9.7
New Manchester Elementary School,36.8,37.1,26.1
New Manchester High School,46.7,21.2,32.1
Factory Shoals Elementary School,22.2,54.0,23.8
Sweetwater Elementary School,35.9,36.8,27.3
Mirror Lake Elementary School,47.3,35.3,17.4
Burnett Elementary School,26.5,48.9,24.6
Brighten Academy,94.5,4.8,0.7
Youth Villages at Inner Harbour,100.0,0.0,0.0
Winston Elementary School,54.4,32.4,13.2
Beulah Elementary School,34.2,42.6,23.2
Turner Middle School,28.0,26.5,45.5
Lithia Springs Elementary School,27.9,45.0,27.0
Douglas County High School,47.8,19.5,32.7
Mount Carmel Elementary School,61.2,26.9,11.9
Stewart Middle School,18.8,36.1,45.1
Annette Winn Elementary School,30.7,37.2,32.1
Early County Elementary School,44.2,44.0,11.8
Early County Middle School,44.6,46.2,9.2
Early County High School,41.4,32.8,25.8
Echols County Elementary/Middle School,41.8,37.1,21.1
Echols County High School,32.8,32.8,34.4
Springfield Elementary School,44.2,43.6,12.1
Marlow Elementary School,56.4,36.6,7.0
Blandford Elementary School,56.1,33.3,10.6
South Effingham Elementary School,64.4,30.8,4.8
Guyton Elementary School,49.3,40.4,10.2
South Effingham High School,41.4,38.4,20.3
Ebenezer Middle School,44.4,39.9,15.7
Effingham County Middle School,38.7,42.0,19.3
Ebenezer Elementary School,56.9,36.0,7.1
South Effingham Middle School,47.3,39.0,13.7
Effingham County High School,38.5,37.5,24.1
Rincon Elementary School,50.3,40.5,9.3
Elbert County High School,46.3,35.2,18.5
Elbert County Primary School,38.0,42.8,19.2
Elbert County Elementary School,51.9,37.5,10.7
Twin City Elementary School,42.0,42.2,15.9
Swainsboro High School,48.6,32.4,19.0
Swainsboro Middle School,49.0,32.1,18.9
Swainsboro Primary School,46.3,39.7,14.0
Swainsboro Elementary School,44.1,40.2,15.7
Emanuel County Institute,44.0,40.0,16.1
Claxton Elementary School,37.6,35.5,26.8
Second Chance,30.8,17.9,51.3
Claxton High School,39.8,30.7,29.6
Claxton Middle School,37.4,34.0,28.5
Fannin County High School,30.1,37.1,32.8
Fannin County Middle School,28.9,45.2,25.8
East Fannin Elementary School,38.7,47.4,13.9
West Fannin Elementary School,40.0,45.1,14.9
Cleveland Elementary School,18.5,23.3,58.2
Sara Harp Minter Elementary School,47.2,43.1,9.7
Crabapple Lane Elementary School,68.2,27.5,4.3
Whitewater High School,53.1,32.1,14.7
Bennett's Mill Middle School,54.2,29.2,16.6
Inman Elementary,58.0,33.5,8.5
Booth Middle School,62.3,28.9,8.8
Huddleston Elementary School,61.8,32.7,5.5
North Fayette Elementary School,59.5,29.0,11.5
McIntosh High School,57.6,29.8,12.7
Braelinn Elementary School,59.3,34.5,6.2
Sandy Creek High School,60.2,26.8,13.0
Kedron Elementary School,65.9,28.0,6.1
Starrs Mill High School,50.0,32.9,17.0
Peeples Elementary School,67.6,29.4,2.9
Robert J. Burch Elementary School,63.5,27.6,9.0
Spring Hill Elementary School,60.5,29.4,10.2
Rising Starr Middle School,58.7,32.0,9.3
Whitewater Middle School,55.8,33.7,10.5
Fayette County High School,62.9,22.1,15.1
Fayetteville Elementary School,58.1,29.6,12.3
Flat Rock Middle School,60.1,30.5,9.5
Peachtree City Elementary School,67.4,28.4,4.2
Johnson Elementary,68.5,27.4,4.1
Coosa Middle School,43.3,43.8,12.9
Pepperell High School,28.7,38.3,33.0
Model High,39.1,37.0,23.9
Model Elementary School,53.5,37.3,9.2
Armuchee Elementary School,53.9,38.6,7.5
Pepperell Elementary,49.1,37.2,13.7
Model Middle School,53.3,39.6,7.1
Pepperell Middle School,45.4,37.9,16.7
Armuchee Middle School,44.6,40.1,15.2
Armuchee High School,46.2,34.4,19.4
Alto Park Elementary School,50.4,36.3,13.3
Garden Lakes Elementary School,56.8,36.0,7.2
Cave Spring Elementary School,55.0,38.3,6.7
Glenwood Primary School,59.7,35.8,4.4
Pepperell Primary,47.7,40.4,11.9
Coosa High School,31.8,37.1,31.1
Settles Bridge Elementary School,70.8,26.2,2.9
Matt Elementary School,50.0,39.5,10.5
Cumming Elementary School,45.7,41.6,12.7
Sharon Elementary School,43.7,42.3,13.9
Riverwatch Middle School,73.8,21.3,4.8
Shiloh Point Elementary,71.8,23.3,4.9
West Forsyth High School,39.3,37.9,22.9
Johns Creek Elementary,63.4,27.9,8.7
Mashburn Elementary School,58.6,33.8,7.6
Coal Mountain Elementary School,52.4,36.5,11.1
South Forsyth High School,54.5,29.8,15.7
Chattahoochee Elementary School,76.5,18.0,5.5
North Forsyth High School,45.4,34.8,19.8
Daves Creek Elementary School,84.0,14.2,1.8
Vickery Creek Elementary School,58.6,33.4,8.0
Vickery Creek Middle School,53.2,34.8,12.1
Otwell Middle School,44.9,38.0,17.1
Sawnee Elementary School,54.7,35.1,10.2
Chestatee Elementary,39.4,46.8,13.7
Little Mill Middle School,40.3,40.2,19.5
Brookwood Elementary,69.7,26.1,4.2
George W. Whitlow Elementary,55.0,35.1,9.9
Lambert High School,63.1,27.1,9.8
Haw Creek Elementary,62.1,31.6,6.3
Liberty Middle School,36.0,30.9,33.1
Silver City Elementary School,49.6,39.7,10.7
Kelly Mill Elementary,59.8,34.2,6.0
Piney Grove Middle School,70.3,22.9,6.7
North Forsyth Middle School,39.8,38.6,21.6
South Forsyth Middle School,67.1,25.4,7.5
Brandywine Elementary School,62.4,30.6,7.1
DeSana Middle School,63.5,27.8,8.7
Alliance Academy for Innovation,70.0,25.5,4.5
Denmark High School,56.9,29.8,13.3
Big Creek Elementary School,74.6,21.7,3.6
Midway Elementary School,48.1,38.6,13.2
Forsyth Central High School,44.2,36.4,19.4
Franklin County Middle School,20.2,38.9,40.9
Royston Elementary School,19.6,40.9,39.5
Franklin County High School,17.9,33.7,48.3
Lavonia Elementary School,24.4,45.5,30.2
Summit Hill Elementary,62.0,31.6,6.4
Abbotts Hill Elementary School,67.8,25.1,7.2
Creek View Elementary School,83.3,14.7,2.1
Hembree Springs Elementary School,57.2,29.7,13.1
Spalding Drive Elementary,49.8,36.9,13.2
Hopewell Middle School,43.1,26.7,30.2
Milton High School,23.5,34.4,42.2
Renaissance ES,18.6,31.9,49.5
Feldwood Elementary School,24.4,37.9,37.8
Main Street Charter Academy,34.6,37.1,28.3
Hapeville Charter Career Academy,41.9,23.9,34.2
Cambridge High School,10.4,37.5,52.1
Banneker High School,2.0,8.4,89.6
Dolvin Elementary School,54.8,30.5,14.7
Crabapple Middle School,38.5,36.8,24.7
Camp Creek Middle School,23.0,30.9,46.1
Barnwell Elementary School,72.3,23.7,4.0
Lake Windward Elementary School,73.6,19.0,7.4
Roswell High School,13.5,29.0,57.5
Hapeville Elementary School,26.6,24.7,48.7
Crabapple Crossing Elementary School,66.6,28.8,4.7
New Prospect Elementary School,70.0,23.7,6.3
Northwood Elementary School,56.8,33.6,9.6
Centennial High School,5.9,27.5,66.7
Stonewall Tell Elementary School,47.8,32.1,20.0
Hillside Elementary School,41.3,32.8,25.9
Northview High School,34.4,44.9,20.7
KIPP South Fulton Academy School,27.8,34.2,38.0
Alpharetta High School,50.0,27.2,22.8
Oakley Elementary School,26.0,26.0,48.0
Dunwoody Springs Elementary School,32.0,34.8,33.2
Chattahoochee Hills Charter School,13.4,34.4,52.1
S. L. Lewis Elementary School,17.1,25.4,57.5
Nolan Elementary School,10.0,26.6,63.3
Gullatt Elementary School,18.3,24.4,57.2
Holcomb Bridge Middle School,32.2,32.7,35.1
Ridgeview Charter School,37.1,32.6,30.3
Woodland Middle School,81.5,13.2,5.3
Creekside High School,5.0,19.0,76.0
Palmetto Elementary School,21.7,35.8,42.5
Findley Oaks Elementary School,74.9,21.0,4.1
State Bridge Crossing Elementary School,72.3,23.8,3.9
Sweet Apple Elementary School,74.5,23.0,2.6
Elkins Pointe Middle School,38.2,30.4,31.4
Autrey Mill Middle School,57.4,26.8,15.8
Georgia Baptist Children's Home and Family Ministries,97.8,0.0,2.2
Mountain Park Elementary School,78.8,17.9,3.4
McClarin High School,5.5,6.7,87.7
Haynes Bridge Middle School,48.5,30.9,20.6
Independence High School,3.8,4.4,91.7
Randolph Elementary School,38.8,21.9,39.3
Chattahoochee High School,52.0,27.5,20.5
River Eves Elementary School,53.4,26.9,19.7
Shakerag Elementary School,68.3,27.0,4.7
River Trail Middle School,77.8,15.7,6.5
Amana Academy School,70.6,22.3,7.1
Medlock Bridge Elementary School,53.9,30.0,16.1
Webb Bridge Middle School,71.8,22.0,6.2
Hamilton E. Holmes Elementary,18.3,22.7,59.1
Liberty Point Elementary School,24.7,33.1,42.2
Taylor Road Middle School,71.0,20.6,8.5
Northwestern Middle School,46.9,33.6,19.5
Sandy Springs Middle School,31.0,29.0,40.0
Hapeville Charter Middle School,49.2,21.0,29.8
Tri-Cities High School,2.6,14.5,82.9
Ocee Elementary School,44.4,24.9,30.7
Woodland Elementary School,52.9,30.2,16.9
Paul D. West Middle School,2.5,14.2,83.3
Lake Forest Elementary,87.6,10.8,1.6
Johns Creek High School,34.8,35.5,29.7
Cliftondale Elementary School,23.3,29.8,46.9
Alpharetta Elementary School,40.7,38.9,20.4
Roswell North Elementary School,62.6,28.3,9.1
Langston Hughes High School,12.9,22.0,65.1
Birmingham Falls Elementary School,42.9,45.5,11.7
Ison Springs Elementary School,38.8,36.6,24.6
RISE Grammar School,58.5,21.0,20.4
RISE Prep School,43.5,24.3,32.2
College Park Elementary,12.2,14.8,73.0
Vickery Mill Elementary,37.2,33.7,29.1
Wolf Creek Elementary,44.7,28.5,26.8
Fulton Academy of Science and Technology,73.7,20.4,5.9
Skyview High School,11.0,11.7,77.3
Wellspring Living,79.2,12.5,8.3
Bethune Elementary School,13.4,23.3,63.3
Campbell Elementary School,25.0,26.2,48.8
Brookview Elementary School,22.9,26.4,50.6
Heards Ferry Elementary School,44.4,40.7,14.9
Lee Elementary School,22.7,29.8,47.5
Parklane Elementary School,14.4,18.2,67.4
Riverwood International Charter School,9.6,29.2,61.2
High Point Elementary School,56.9,27.8,15.4
Mimosa Elementary School,40.8,41.4,17.8
North Springs High School,4.6,13.1,82.3
E. C. West Elementary School,32.2,31.0,36.8
Conley Hills Elementary School,8.8,20.4,70.9
Asa Hilliard Elementary School,14.0,18.8,67.3
Westlake High School,21.6,26.7,51.7
Mountain View Elementary,35.8,44.5,19.7
Clear Creek Middle School,34.5,39.5,26.0
Gilmer High School,36.6,31.8,31.6
Ellijay Elementary School,43.0,44.2,12.8
Glascock County Middle/High School,49.3,36.2,14.5
Glascock County Elementary School,51.2,33.3,15.4
Sterling Elementary School,54.7,35.9,9.4
"Morningstar Treatment Services, Inc. Youth Estate",73.8,20.0,6.2
Glynn Middle,55.1,32.4,12.5
Jane Macon Middle,50.4,31.4,18.1
Risley Middle School,46.7,38.2,15.1
Glyndale Elementary School,52.2,39.3,8.5
Golden Isles Elementary School,58.4,33.6,8.0
Oglethorpe Point Elementary School,73.6,23.0,3.4
Satilla Marsh Elementary School,73.4,24.5,2.1
Needwood Middle School,54.3,33.5,12.2
Greer Elementary School,57.0,34.9,8.1
Altama Elementary School,60.8,33.7,5.5
St. Simons Elementary School,57.4,34.2,8.4
Brunswick High School,36.6,34.2,29.3
Burroughs-Molette Elementary School,42.0,39.9,18.1
Glynn Academy,44.1,35.4,20.4
Goodyear Elementary School,51.4,38.5,10.2
Sonoraville High School,18.4,30.3,51.3
Sonoraville Elementary,45.4,38.2,16.5
Red Bud Middle School,21.7,34.8,43.5
Tolbert Elementary School,43.0,37.1,20.0
Red Bud Elementary School,38.9,39.1,22.1
Swain Elementary School,36.2,39.0,24.8
Gordon Central High School,12.9,29.2,58.0
Ashworth Middle School,18.8,39.6,41.6
Belwood Elementary School,48.8,36.1,15.1
Fairmount Elementary School,32.7,42.6,24.7
Washington Middle School,53.1,32.8,14.1
Cairo High School,53.1,27.6,19.4
Whigham Elementary School,58.2,35.3,6.4
Southside Elementary School,58.1,33.3,8.5
Shiver Elementary School,40.4,44.5,15.1
Anita White Carson Middle School,42.5,35.0,22.5
LAKE OCONEE CHARTER,60.5,32.6,6.9
Greene County High School,24.7,35.6,39.6
Rock Springs Elementary School,73.5,21.8,4.7
Grayson High School,72.6,19.5,8.0
Norcross High School,67.1,18.0,15.0
Mill Creek High School,74.3,19.5,6.2
Benefield Elementary School,60.7,27.5,11.9
Centerville Elementary School,42.9,39.5,17.6
Parkview High School,68.9,18.3,12.8
Head Elementary School,79.5,18.1,2.4
Brookwood High School,75.8,17.5,6.8
Berkeley Lake Elementary School,78.9,17.7,3.4
Shiloh High School,83.9,10.3,5.9
Pinckneyville Middle School,72.7,19.6,7.8
Meadowcreek High School,63.3,16.0,20.7
Richards Middle School,85.9,11.3,2.7
Phoenix High School,44.4,21.8,33.7
Dacula Elementary School,69.7,25.2,5.1
Walnut Grove Elementary School,42.1,43.6,14.2
Craig Elementary School,79.5,17.4,3.1
Collins Hill High School,73.3,15.5,11.2
Harbins Elementary School,72.9,21.7,5.3
Crews Middle School,85.5,10.6,3.9
Meadowcreek Elementary School,55.4,31.5,13.0
Freeman's Mill Elementary School,77.2,19.6,3.2
Osborne Middle School,62.7,27.5,9.8
Corley Elementary School,64.9,23.1,12.0
Mulberry Elementary School,71.9,22.6,5.5
Lanier Middle School,75.6,19.4,5.0
Lovin Elementary School,75.8,19.5,4.8
Knight Elementary School,79.5,16.1,4.5
Sweetwater Middle School,74.5,17.5,8.0
Five Forks Middle School,88.5,9.5,1.9
Beaver Ridge Elementary School,66.0,26.3,7.7
Annistown Elementary School,70.3,19.3,10.4
Shiloh Middle School,87.4,9.6,2.9
Hopkins Elementary School,66.2,24.5,9.4
Norton Elementary School,70.6,20.6,8.8
Minor Elementary School,62.1,27.6,10.3
McKendree Elementary School,82.7,12.9,4.4
Shiloh Elementary School,75.7,16.6,7.7
Nesbit Elementary School,48.2,31.8,20.0
Fort Daniel Elementary School,75.0,21.4,3.7
Sugar Hill Elementary School,70.1,24.2,5.7
Hull Middle School,93.8,4.6,1.6
Mason Elementary School,77.5,17.3,5.2
Stripling Elementary School,72.5,19.2,8.3
Berkmar Middle School,71.7,20.9,7.5
Ivy Creek Elementary School,73.7,22.1,4.2
Rosebud Elementary School,76.4,18.2,5.4
Gwin Oaks Elementary School,83.6,13.3,3.2
Dacula Middle School,80.9,14.6,4.5
Arcado Elementary School,76.1,19.5,4.3
Gwinnett InterVention Education (GIVE) Center East,70.5,15.4,14.1
Cedar Hill Elementary School,62.3,27.6,10.1
Pharr Elementary School,84.1,13.7,2.2
Simonton Elementary School,59.9,26.8,13.2
Magill Elementary School,62.9,26.3,10.8
Partee Elementary School,79.2,14.4,6.3
Jones Middle School,69.3,20.8,9.9
Puckett's Mill Elementary School,78.2,17.8,3.9
Simpson Elementary School,92.0,7.5,0.5
Kanoheda Elementary School,66.6,23.1,10.3
McConnell Middle School,80.3,16.4,3.3
Taylor Elementary School,70.7,23.7,5.6
Sycamore Elementary School,63.8,30.4,5.8
Trip Elementary School,84.0,14.3,1.8
Cooper Elementary School,77.8,19.6,2.6
Patrick Elementary School,70.9,22.1,7.0
Parsons Elementary School,87.7,10.5,1.8
Oakland Meadow School,71.2,15.3,13.6
Peachtree Ridge High School,79.2,12.7,8.1
Alcova Elementary School,71.6,22.6,5.8
Bay Creek Middle School,81.4,14.3,4.3
Grace Snell Middle School,85.6,10.6,3.8
Ferguson Elementary School,77.6,14.8,7.7
Roberts Elementary School,90.0,9.0,1.0
Jenkins Elementary School,68.4,23.6,8.0
Anderson-Livsey Elementary School,71.7,21.4,6.9
Burnette Elementary School,84.1,12.5,3.3
Lanier High School,65.9,24.2,9.9
"Gwinnett School of Mathematics, Science and Technology",94.9,4.1,1.0
New Life Academy of Excellence,78.5,16.7,4.9
Berkmar High School,63.9,17.9,18.2
Dyer Elementary School,75.9,19.3,4.8
Lilburn Middle School,67.0,18.0,15.0
Alford Elementary,70.6,21.6,7.8
Starling Elementary School,85.2,12.3,2.5
Moore Middle School,72.9,18.7,8.4
Gwinnett Intervention Education Center (GIVE) West,60.5,17.0,22.5
Northbrook Middle School,89.7,7.4,3.0
Duncan Creek Elementary,72.0,23.7,4.3
Couch Middle School,83.4,12.2,4.4
Gwinnett Online Campus,90.5,8.8,0.6
North Metro Academy of Performing Arts,82.2,14.2,3.7
Winn Holt Elementary School,63.2,26.8,10.0
Level Creek Elementary School,85.6,12.8,1.6
Mountain View High School,70.0,22.0,8.0
Radloff Middle School,61.0,23.7,15.3
North Gwinnett Middle School,76.9,17.4,5.8
Chesney Elementary School,84.0,12.7,3.3
Twin Rivers Middle School,73.5,19.2,7.3
Archer High School,74.0,17.7,8.4
Woodward Mill Elementary School,71.8,23.1,5.2
Baggett Elementary School,60.1,29.9,10.1
Graves Elementary School,63.7,23.4,12.9
Jordan Middle School,64.3,24.2,11.5
Discovery High School,62.6,20.3,17.1
Coleman Middle School,92.7,6.2,1.0
Baldwin Elementary,42.3,36.3,21.4
International Transition Center,56.3,30.2,13.5
Paul Duke STEM High School,70.5,18.1,11.3
Bethesda Elementary School,71.2,22.3,6.5
Grayson Elementary School,81.5,16.6,1.9
Harmony Elementary School,31.0,42.7,26.3
Snellville Middle School,85.5,10.9,3.6
South Gwinnett High School,72.0,15.2,12.8
Britt Elementary School,72.7,20.3,7.0
Harris Elementary School,76.4,18.3,5.3
Camp Creek Elementary School,80.2,16.0,3.8
Central Gwinnett High School,48.0,22.7,29.3
Dacula High School,67.0,18.3,14.7
Norcross Elementary School,61.0,28.1,10.9
Summerour Middle School,73.1,18.9,8.0
North Gwinnett High School,78.2,14.5,7.3
Lawrenceville Elementary School,66.0,24.8,9.2
Peachtree Elementary School,80.1,15.8,4.1
Suwanee Elementary School,84.7,12.6,2.7
Duluth High School,65.2,17.3,17.5
Lilburn Elementary School,61.9,25.1,13.1
Cornelia Elementary School,60.0,30.4,9.6
Level Grove Elementary School,58.8,36.8,4.5
Habersham Ninth Grade Academy,64.7,29.5,5.9
Hilliard A. Wilbanks Middle School,50.3,34.1,15.5
Habersham Success Academy,37.5,33.3,29.2
Clarkesville Elementary School,49.0,38.8,12.2
North Habersham Middle School,58.2,31.0,10.7
Demorest Elementary School,54.5,33.5,12.0
South Habersham Middle School,64.6,27.2,8.2
Baldwin Elementary School,60.9,35.7,3.4
Habersham Central High School,64.6,26.8,8.6
Woodville Elementary School,53.0,39.1,7.9
Fairview Elementary School,51.2,28.4,20.4
Hazel Grove Elementary School,58.3,34.3,7.3
C. W. Davis Middle School,49.8,36.1,14.0
Martin Elementary School,55.4,36.1,8.5
Chestatee High School,42.6,29.9,27.5
Sugar Hill Elementary,50.1,38.3,11.7
Lanier College and Career Academy,18.9,24.8,56.3
Chicopee Elementary School,42.6,40.7,16.7
World Language Academy,57.3,37.3,5.5
Myers Elementary School,51.1,40.5,8.4
West Hall High School,48.7,31.8,19.5
Spout Springs Elementary School,58.6,34.8,6.6
Mount Vernon Elementary School,66.0,27.5,6.5
Friendship Elementary School,52.2,37.5,10.3
Chestatee Middle School,45.4,34.5,20.1
Flowery Branch High,32.4,34.2,33.4
Wauka Mountain Elementary School,58.1,34.4,7.5
East Hall Middle School,45.5,34.2,20.3
West Hall Middle School,37.9,35.2,26.9
North Hall Middle School,45.8,36.9,17.3
Cherokee Bluff Middle,49.1,36.1,14.8
Cherokee Bluff High School,46.5,33.4,20.1
World Language Academy Middle School,56.8,32.0,11.2
White Sulphur Elementary School,47.4,40.1,12.6
East Hall High School,44.1,33.0,22.8
North Hall High School,37.9,33.2,28.9
Flowery Branch Elementary School,51.0,38.0,11.1
Oakwood Elementary School,56.5,33.7,9.8
Lanier Elementary School,55.7,35.0,9.3
Riverbend Elementary School,52.2,39.2,8.6
Chestnut Mountain Elementary School,60.4,33.5,6.1
Lula Elementary School,41.8,42.5,15.8
Sardis Elementary School,55.1,36.6,8.3
South Hall Middle School,49.2,33.7,17.0
Lyman Hall Elementary School,44.8,32.8,22.4
McEver Elementary School,58.4,33.0,8.6
Tadmore Elementary School,47.1,41.1,11.8
Hancock Central Middle School,85.9,10.9,3.3
Hancock Central High School,84.3,12.3,3.4
Tallapoosa Primary School,55.9,35.1,9.0
Buchanan Elementary School,60.3,34.1,5.6
Haralson County Middle School,57.4,34.0,8.6
Haralson County Rebel Academy,42.5,40.0,17.5
Buchanan Primary School,61.2,32.5,6.3
Haralson County High School,45.7,39.0,15.3
West Haralson Elementary School,47.6,39.2,13.2
Creekside School,28.6,42.7,28.6
Park Elementary School,35.1,45.2,19.8
Mulberry Creek Elementary School,48.5,39.0,12.5
New Mountain Hill Elementary School,38.9,45.9,15.2
Harris County High School,33.4,33.8,32.9
Harris County Carver Middle School,33.8,36.3,29.9
North Hart Elementary School,54.3,34.3,11.4
Hart County Middle School,33.9,39.1,26.9
South Hart Elementary School,52.3,41.1,6.6
Hart County High School,48.8,35.9,15.3
Hartwell Elementary School,45.9,42.5,11.6
Heard County Middle School,41.4,38.8,19.8
Heard County High School,60.4,23.4,16.2
Centralhatchee Elementary School,56.8,34.2,9.0
Ephesus Elementary School,47.3,42.5,10.3
Ola Elementary School,67.2,27.2,5.6
Union Grove High,79.8,14.4,5.8
Luella High School,38.4,23.5,38.1
Dutchtown High,39.0,28.6,32.4
Luella Elementary School,61.1,26.9,12.0
Dutchtown Elementary School,68.0,23.8,8.2
Cotton Indian Elementary School,55.1,29.7,15.2
Wesley Lakes Elementary School,53.4,30.8,15.8
Pate's Creek Elementary School,52.1,33.0,14.9
Pleasant Grove Elementary School,58.2,39.2,2.6
East Lake Elementary,75.0,18.9,6.1
Dutchtown Middle School,58.3,23.0,18.7
Walnut Creek Elementary,53.5,28.6,17.9
Rocky Creek Elementary,52.3,30.8,16.9
Locust Grove Middle,64.1,28.3,7.6
Locust Grove High,35.8,27.9,36.3
Hampton Middle School,59.5,25.8,14.7
Oakland Elementary School,32.5,35.0,32.5
Austin Road Elementary School,30.8,36.7,32.5
Stockbridge High School,37.3,27.7,35.0
Unity Grove Elementary School,48.1,32.8,19.0
Ola High School,55.2,27.5,17.2
Hampton High School,36.8,29.6,33.6
Eagle's Landing High School,43.1,27.9,29.0
Eagle's Landing Middle School,54.5,27.7,17.8
Austin Road Middle School,68.2,21.5,10.2
Red Oak Elementary School,53.9,29.5,16.6
New Hope Elementary,67.4,27.5,5.1
Tussahaw Elementary,37.9,35.4,26.8
Flippen Elementary School,62.4,27.7,9.9
Ola Middle School,77.3,15.9,6.7
Rock Spring Elementary,54.2,32.4,13.4
Luella Middle School,65.6,22.7,11.7
Union Grove Middle,68.3,21.8,9.9
EXCEL Academy,63.0,23.1,13.9
Hampton Elementary School,40.2,35.8,24.0
Smith-Barnes Elementary School,42.0,34.5,23.5
Stockbridge Elementary School,42.2,39.4,18.5
Locust Grove Elementary School,47.6,37.3,15.1
Stockbridge Middle School,48.2,31.9,19.9
Eagle Springs Elementary,46.8,36.3,16.9
C. B. Watson Primary School,38.1,42.7,19.2
Lake Joy Primary School,50.9,38.6,10.4
Huntington Middle School,44.8,31.5,23.7
Mossy Creek Middle School,32.5,41.1,26.4
Veterans High School,31.3,33.8,34.9
Langston Road Elementary School,38.5,44.3,17.2
Pearl Stephens Elementary School,34.2,43.2,22.6
Houston County High School,29.7,36.1,34.1
Quail Run Elementary School,44.7,39.8,15.5
Feagin Mill Middle School,45.8,34.4,19.8
Matthew Arthur Elementary School,48.9,37.8,13.3
Perry Middle School,37.8,36.7,25.6
Thomson Middle School,45.9,33.7,20.4
Lake Joy Elementary School,53.7,33.3,13.0
Bonaire Middle School,34.4,39.2,26.4
Hilltop Elementary School,45.9,37.9,16.2
Bonaire Elementary School,47.2,39.1,13.7
Northside Middle School,38.9,35.6,25.6
Perry High School,26.9,28.0,45.2
Northside High School,75.2,18.9,5.9
Parkwood Elementary School,38.7,38.8,22.5
Tucker Elementary School,40.2,40.6,19.1
Kings Chapel Elementary School,34.6,45.5,19.9
Lindsey Elementary School,28.5,38.6,33.0
Warner Robins High School,34.6,31.5,33.9
Miller Elementary School,40.7,36.3,22.9
Shirley Hills Elementary School,40.6,36.8,22.6
Warner Robins Middle School,48.7,30.9,20.4
Irwin County Middle School,38.9,44.8,16.3
Irwin County Elementary School,59.9,31.0,9.2
Irwin County High School,39.0,37.2,23.7
West Jackson Elementary School,61.9,31.7,6.4
East Jackson Elementary School,54.6,35.4,10.0
East Jackson Comprehensive High School,48.1,30.1,21.8
Jackson County Comprehensive High School,52.6,29.4,18.0
East Jackson Middle School,53.6,31.9,14.4
Gum Springs Elementary School,64.3,30.7,5.0
West Jackson Middle School,44.0,38.0,17.9
Maysville Elementary School,48.2,39.8,12.0
North Jackson Elementary School,53.1,37.6,9.3
South Jackson Elementary School,49.6,36.6,13.7
Washington Park Elementary School,58.6,36.0,5.4
Jasper County High School,53.0,31.3,15.7
Jasper County Primary School,47.5,40.5,12.0
Jasper County Middle School,53.4,36.2,10.4
Jeff Davis Primary School,34.3,41.6,24.1
Jeff Davis Middle School,38.1,39.3,22.5
Jeff Davis Elementary School,43.3,36.7,20.0
Jeff Davis High School,26.2,38.5,35.3
Jefferson County High School,63.9,27.3,8.8
Carver Elementary School,53.9,33.0,13.1
Louisville Academy,45.4,36.9,17.7
Wrens Elementary School,51.4,34.5,14.1
Jenkins County Middle School,38.7,33.8,27.5
Jenkins County High School,36.8,42.9,20.3
Jenkins County Elementary School,44.7,40.1,15.3
Johnson County Middle School,43.7,41.3,15.0
Johnson County Elementary School,47.0,36.1,16.9
Clifton Ridge Middle School,52.8,31.1,16.0
Mattie Wells Elementary School,43.7,42.0,14.3
Gray Station Middle School,62.0,29.5,8.5
Turner Woods Elementary School,59.2,34.9,6.0
Jones County High School,44.3,34.7,21.0
Dames Ferry Elementary School,61.2,31.9,7.0
Gray Elementary School,57.6,35.7,6.8
Lamar County Elementary School,56.0,34.3,9.6
Lamar County High School,77.2,17.5,5.3
Lamar County Middle School,62.4,28.3,9.4
Lamar County Primary School,60.0,35.9,4.1
Lanier County Middle School,59.2,32.8,8.0
Lanier County Elementary School,51.8,38.3,9.9
Lanier County High School,38.2,38.2,23.7
Lanier County Primary School,48.4,43.6,8.0
Southwest Laurens Elementary,41.7,44.3,14.0
East Laurens Primary School,28.2,44.2,27.6
East Laurens Elementary School,39.1,47.1,13.9
West Laurens High School,56.0,28.5,15.5
East Laurens High School,44.1,27.4,28.5
Northwest Laurens Elementary,49.6,41.0,9.3
East Laurens Middle School,40.7,40.9,18.3
West Laurens Middle School,54.4,33.8,11.8
Lee County Middle School West,54.9,31.0,14.1
Lee County Elementary School,54.2,35.7,10.1
Lee County Middle School East,44.4,38.5,17.1
Lee County Primary School,52.1,38.3,9.6
Lee County High School,59.9,30.0,10.2
Kinchafoonee Primary School,59.0,34.4,6.5
Lee High School 9th Grade Campus,53.2,34.1,12.7
Twin Oaks Elementary,56.1,35.1,8.8
Waldo Pafford Elementary School,40.0,36.9,23.1
Midway Middle School,60.1,21.7,18.2
Bradwell Institute,30.5,23.9,45.6
Button Gwinnett Elementary School,53.2,32.4,14.5
Joseph Martin Elementary School,58.1,26.4,15.4
Liberty County High School,28.6,28.7,42.8
Taylors Creek Elementary School,53.7,33.3,12.9
Snelson-Golden Middle School,40.0,31.1,28.9
Frank Long Elementary School,42.1,31.7,26.2
Lewis Frasier Middle School,52.2,26.7,21.1
Lincoln County Middle School,43.6,39.0,17.4
Lincoln County High School,23.4,36.0,40.6
Lincoln County Elementary School,37.9,36.1,26.0
Smiley Elementary School,58.3,34.2,7.5
Long County High School,66.9,23.3,9.8
Long County Middle School,63.0,29.9,7.1
McClelland Elementary School,61.9,29.6,8.5
Pine Grove Middle School,60.7,32.9,6.4
Moulton-Branch Elementary School,55.5,40.2,4.3
Hahira Elementary School,65.2,31.3,3.5
Pine Grove Elementary School,70.5,26.4,3.1
Clyattville Elementary School,53.1,35.8,11.1
Lowndes Middle School,47.6,36.3,16.1
Hahira Middle School,56.9,37.7,5.4
Lowndes High School,52.0,31.9,16.2
Lumpkin County High School,52.7,31.1,16.2
Blackburn Elementary School,42.2,46.3,11.5
Long Branch Elementary School,44.4,42.2,13.3
Lumpkin County Middle School,42.2,39.2,18.6
Lumpkin County Elementary School,60.4,33.8,5.8
Macon County Elementary School,49.6,30.7,19.8
Macon County Middle School,82.0,13.1,4.9
Macon County High School,71.0,22.0,7.0
Hull-Sanford Elementary School,50.6,39.5,9.8
Danielsville Elementary School,40.7,40.1,19.2
Colbert Elementary School,55.1,35.6,9.3
Madison County Middle School,42.1,38.2,19.6
Comer Elementary School,44.4,40.8,14.7
Ila Elementary School,36.3,40.2,23.5
Madison County High School,40.0,35.6,24.3
L. K. Moss Elementary School,57.6,34.1,8.4
Marion County Middle/High School,72.5,21.7,5.8
Thomson-McDuffie Middle School,78.5,17.7,3.8
Norris Elementary School,61.2,28.4,10.4
Maxwell Elementary School,55.6,32.5,11.8
Dearing Elementary School,50.2,28.4,21.4
Thomson High School,61.6,24.2,14.2
Thomson Elementary School,55.2,32.7,12.1
McIntosh County Middle School,42.4,34.1,23.5
McIntosh Academy,32.8,36.0,31.3
Todd Grant Elementary School,42.9,44.2,12.9
Unity Elementary School (PK-5),46.4,36.5,17.0
Good Sheperd Therapeutic Center,100.0,0.0,0.0
Greenville High School,69.3,28.1,2.6
Greenville Middle School,47.4,37.0,15.6
Manchester High School,44.1,30.3,25.6
Manchester Middle School,54.2,30.9,14.9
Miller County Elementary School,43.4,41.0,15.6
Miller County High School,39.5,35.5,25.0
Miller County Middle School,19.2,23.8,57.0
Baconton Community Charter School,69.7,26.2,4.1
Mitchell County Elementary School,80.7,16.0,3.3
Mitchell County Middle School,96.9,3.1,0.0
Mitchell County Primary School,78.1,14.8,7.1
Mitchell County High School,98.9,1.1,0.0
T.G. Scott Elementary School,61.9,31.4,6.7
Katherine B. Sutton Elementary School,61.1,34.3,4.6
"Monroe County Middle School, Banks Stephens Campus",61.3,29.4,9.4
Mary Persons High School,44.2,33.6,22.2
Samuel E. Hubbard Elementary School,61.1,32.5,6.5
Montgomery County Middle School,56.1,34.3,9.6
Montgomery County Elementary School,43.2,42.0,14.8
Montgomery County High School,52.3,33.0,14.7
Morgan County Elementary School,57.9,31.9,10.2
Morgan County High School,50.0,29.7,20.3
Morgan County Primary School,50.8,38.4,10.7
Morgan County Middle School,45.5,35.7,18.9
Woodlawn Elementary School,60.5,33.8,5.6
Pleasant Valley Innovative School,39.3,31.5,29.2
North Murray High School,30.7,29.2,40.1
Murray County High School,33.5,29.9,36.6
Coker Elementary School,50.7,37.4,11.8
Eton Elementary School,41.9,45.9,12.2
Bagley Middle School,51.3,35.5,13.2
Chatsworth Elementary School,56.1,36.4,7.5
Spring Place Elementary School,59.1,31.0,9.9
Gladden Middle School,48.0,33.4,18.6
Northwest Elementary School,47.3,36.7,15.9
Midland Middle School,86.6,10.7,2.7
Fox Elementary School,17.8,37.1,45.1
North Columbus Elementary,62.8,31.2,6.0
Eagle Ridge Academy,67.1,26.0,6.9
Aaron Cohn Middle School,93.0,6.9,0.2
Fort Middle School,91.1,7.3,1.6
Brewer Elementary School,36.5,31.8,31.8
Blackmon Road Middle School,82.2,15.6,2.2
Veterans Memorial Middle School,40.7,33.0,26.3
Dorothy Height Elementary School,31.0,30.4,38.6
Shaw High School,50.2,28.7,21.2
Downtown Elementary Magnet Academy,30.4,42.0,27.5
Baker Middle School,26.8,27.3,45.9
East Columbus Magnet Academy,98.7,0.7,0.5
Spencer High School,36.6,22.9,40.5
Double Churches Middle School,80.7,12.3,7.0
Midland Academy,68.6,24.3,7.1
Rainey McCullers School of the Arts,76.1,20.9,3.1
Georgetown Elementary School,48.2,30.4,21.4
Kendrick High School,72.4,18.9,8.7
Reese Road Leadership Academy,57.4,32.0,10.7
Arnold Middle School,48.9,23.5,27.6
Blanchard Elementary School,58.4,30.5,11.1
Clubview Elementary School,66.8,26.8,6.4
Double Churches Elementary School,60.2,31.2,8.6
Hardaway High School,46.1,25.3,28.6
Key Elementary School,37.2,33.8,28.9
Rothschild Leadership Academy School,98.8,1.0,0.2
Columbus High School,93.6,6.0,0.4
Britt David Elementary Computer Magnet Academy,85.5,12.7,1.8
Forrest Road Elementary School,47.4,35.8,16.8
Rigdon Road Elementary School,43.7,29.8,26.5
St. Marys Video and Communication Technology,33.4,35.5,31.1
Waddell Elementary School,37.3,39.0,23.7
Lonnie Jackson Academy,27.2,31.9,40.9
Johnson Elementary School,37.2,34.3,28.5
Mathews Elementary School,63.0,32.0,5.0
Allen Elementary School,39.0,38.4,22.6
River Road Elementary School,44.6,36.4,19.1
South Columbus Elementary School,29.4,37.5,33.1
Wynnton Elementary School,51.8,29.4,18.8
Carver High School,19.7,13.2,67.1
Dawson Elementary School,46.9,30.4,22.7
Eddy Middle School,26.3,31.4,42.3
Gentian Elementary School,49.9,30.8,19.3
Jordan Vocational High School,48.9,22.3,28.8
Wesley Heights Elementary School,59.0,25.2,15.7
Oak Hill Elementary School,46.3,38.1,15.6
Rocky Plains Elementary School,43.4,35.3,21.3
South Salem Elementary School,38.6,36.6,24.7
Live Oak Elementary,50.6,27.0,22.3
Clements Middle School,29.2,32.4,38.4
Flint Hill Elementary,32.9,31.6,35.5
Newton County Theme School at Ficquett,71.2,25.5,3.4
Fairview Elementary,50.2,32.6,17.2
Newton High School,83.8,10.6,5.6
Cousins Middle School,32.6,34.1,33.3
Middle Ridge Elementary School,30.2,33.0,36.7
Alcovy High School,76.0,15.6,8.4
Eastside High School,85.7,11.3,3.1
West Newton Elementary School,41.5,32.9,25.7
Indian Creek Middle School,26.1,31.5,42.4
East Newton Elementary School,59.3,29.7,10.9
Livingston Elementary School,47.2,31.8,21.0
Mansfield Elementary School,56.2,36.1,7.7
Heard-Mixon Elementary School,50.5,32.1,17.4
Porterdale Elementary School,40.9,36.5,22.7
Rocky Branch Elementary School,57.4,34.6,8.0
North Oconee High School,30.6,40.9,28.5
High Shoals Elementary School,53.4,37.3,9.3
Oconee County Primary School,56.0,34.9,9.0
Oconee County Middle School,37.4,40.3,22.3
Malcom Bridge Elementary School,56.1,35.1,8.8
Malcom Bridge Middle School,27.5,44.8,27.6
Oconee County High School,35.0,39.2,25.9
Dove Creek Elementary School,52.3,37.6,10.1
Oconee County Elementary School,51.9,34.5,13.6
Colham Ferry Elementary School,49.1,37.9,13.1
Oglethorpe County Middle School,41.4,37.5,21.1
Oglethorpe County Elementary School,37.4,37.0,25.6
Oglethorpe County Primary School,42.0,37.5,20.4
Oglethorpe County High School,41.8,33.7,24.4
Hiram High School,59.3,25.3,15.4
Bessie L. Baggett Elementary,45.7,37.7,16.6
Lillian C. Poole Elementary School,46.6,39.9,13.6
South Paulding High School,46.5,30.5,22.9
Sammy McClure Sr. Middle School,52.1,35.5,12.5
North Paulding High School,56.6,33.0,10.4
Burnt Hickory Elementary School,57.6,35.4,7.0
WC Abney Elementary,53.6,36.8,9.6
McGarity Elementary School,47.2,37.5,15.3
South Paulding Middle School,41.9,36.2,21.9
Floyd L. Shelton Elementary School at Crossroad,63.0,32.1,4.9
Sam D. Panter Elementary School,42.1,43.2,14.7
Nebo Elementary School,43.3,41.6,15.2
C. A. Roberts Elementary School,47.9,40.5,11.7
Lena Mae Moses Middle School,53.1,33.8,13.1
Roland W. Russom Elementary,56.4,33.5,10.1
Sara M. Ragsdale Elementary,34.2,44.3,21.5
P. B. Ritch Middle School,57.6,30.7,11.7
East Paulding High School,51.5,30.5,18.0
J. A. Dobbins Middle School,47.4,31.3,21.3
Connie Dugan Elementary School,43.9,39.9,16.2
Hal Hutchens Elementary,46.5,38.6,14.9
East Paulding Middle School,44.0,35.0,21.0
Irma C. Austin Middle School,51.5,31.8,16.8
Carl Scoggins Sr. Middle school,40.0,35.7,24.3
Dallas Elementary School,37.6,36.2,26.3
New Georgia Elementary School,39.4,37.8,22.8
Herschel Jones Middle School,49.8,35.1,15.1
Paulding County High School,44.2,30.6,25.2
Hiram Elementary School,57.1,28.7,14.2
Kay Road Elementary,43.0,38.2,18.8
Fort Valley Middle School,34.8,38.3,26.9
Byron Middle School,40.7,35.0,24.3
Hunt Elementary School,46.6,35.4,17.9
Byron Elementary School,50.9,36.4,12.7
Peach County High School,39.4,31.5,29.2
Hill City Elementary School,61.6,32.7,5.7
Pickens County Junior High School,67.4,25.5,7.0
Pickens County High School,50.0,34.8,15.2
Jasper Middle School,57.4,33.4,9.1
Tate Elementary School,58.4,35.9,5.7
Pierce County High School,26.2,33.7,40.1
Pierce County Middle School,36.8,39.2,24.0
Blackshear Elementary School,53.1,34.6,12.3
Patterson Elementary School,39.6,45.5,14.9
Pike County Elementary School,45.7,40.2,14.1
Pike County Primary School,42.2,45.5,12.3
Pike County High School,40.5,35.1,24.4
Pike County Middle School,37.0,44.9,18.1
Zebulon High School,58.8,15.7,25.5
Rockmart High School,35.6,38.3,26.1
Cedartown Middle School,50.4,35.0,14.6
Rockmart Middle School,44.7,37.2,18.1
Cherokee Elementary School,58.3,33.6,8.2
Northside Elementary,69.8,25.4,4.8
Harpst Academy,91.0,7.4,1.6
Van Wert Elementary School,33.9,41.2,24.9
Youngs Grove Elementary School,50.9,37.7,11.4
Cedartown High School,25.3,37.0,37.7
Pulaski County Middle School,38.7,34.5,26.8
Hawkinsville High School,39.9,27.6,32.5
Pulaski County Elementary School,43.0,37.8,19.2
Putnam County Middle School,26.6,38.6,34.7
Putnam County Primary School,37.1,41.9,21.0
Putnam County Elementary School,36.1,44.1,19.8
Putnam County High School,42.0,28.8,29.2
Quitman County High School,51.4,24.3,24.3
Quitman County Elementary,62.8,20.0,17.2
Rabun County Middle School,49.2,32.1,18.7
Rabun County Elementary School,50.3,39.5,10.2
Rabun County Primary School,50.9,38.8,10.2
Randolph Clay Middle School,61.2,14.1,24.7
Randolph Clay High School,61.9,17.6,20.5
Randolph County Elementary School,52.0,24.9,23.1
Cross Creek High School,59.2,25.4,15.4
Hephzibah Elementary School,25.7,36.9,37.5
Freedom Park Elementary,74.3,21.7,3.9
Wilkinson Gardens Elementary School,37.4,42.7,19.9
Deer Chase Elementary School,52.8,31.1,16.0
Lighthouse Care Center of Augusta,100.0,0.0,0.0
Pine Hill Middle School,65.4,26.3,8.4
W.S. Hornsby Middle School,78.0,14.0,8.0
Lamar - Milledge Elementary School,35.9,39.7,24.4
Meadowbrook Elementary School,45.8,35.3,18.9
Jamestown Elementary School,53.5,32.6,13.9
Goshen Elementary School,43.0,40.7,16.3
Glenn Hills Middle School,53.4,24.3,22.3
Diamond Lakes Elementary School,48.7,33.6,17.7
Richmond County Technical Career Magnet School,73.4,21.1,5.5
Willis Foreman Elementary School,52.0,31.7,16.2
Tobacco Road Elementary School,51.2,31.9,16.9
McBean Elementary School,44.1,37.4,18.5
Lake Forest Hills Elementary School,71.2,22.7,6.0
Spirit Creek Middle School,49.3,28.3,22.4
Performance Learning Center,88.9,4.0,7.1
W.S. Hornsby Elementary School,63.4,24.8,11.8
Belair K-8 School,71.4,21.8,6.7
Butler High School,49.5,24.1,26.4
Garrett Elementary School,48.4,32.6,19.1
Langford Middle School,67.5,21.1,11.4
Walker Traditional Elementary School,74.2,21.8,4.1
Hephzibah Middle School,70.3,20.1,9.6
Barton Chapel Elementary School,34.4,32.5,33.0
Copeland Elementary School,30.9,34.3,34.8
Glenn Hills Elementary School,36.1,39.7,24.2
Hephzibah High School,60.2,24.5,15.3
Merry Elementary School,49.0,32.3,18.8
Warren Road Elementary School,55.5,33.7,10.8
Bayvale Elementary School,34.2,35.9,29.9
Glenn Hills High School,59.2,19.7,21.1
Johnson Magnet,78.0,17.8,4.3
Josey High School,57.9,19.6,22.5
Blythe Elementary School,41.0,37.8,21.2
Gracewood Elementary School,41.2,41.6,17.2
Monte Sano Elementary School,48.3,30.9,20.8
Academy of Richmond County High School,70.0,20.0,10.0
Davidson Magnet School,76.4,19.0,4.6
Terrace Manor Elementary School,37.2,31.9,30.9
Dorothy Hains Elementary School,38.5,38.5,23.0
Murphey Middle School,66.6,20.8,12.6
Tutt Middle School,69.6,20.1,10.3
Laney High School,65.7,15.5,18.8
Peek's Chapel Elementary,40.4,30.2,29.5
General Ray Davis Middle School,65.6,16.0,18.4
Hicks Elementary School,35.5,33.3,31.2
Honey Creek Elementary School,42.7,33.7,23.6
Barksdale Elementary School,55.1,26.7,18.3
Sims Elementary School,32.3,25.6,42.1
Salem High School,49.1,21.0,29.9
Shoal Creek Elementary School,39.1,24.5,36.4
Lorraine Elementary School,57.1,26.4,16.5
Conyers Middle School,43.5,23.8,32.6
Hightower Trail Elementary School,43.8,25.9,30.3
Memorial Middle School,46.6,26.2,27.2
Edwards Middle School,50.9,17.3,31.8
Pine Street Elementary School,33.8,29.7,36.5
Rockdale County High School,61.6,17.3,21.1
House Elementary School,34.3,35.9,29.8
Schley Middle High School,34.5,41.4,24.1
Schley County Elementary School,55.9,35.9,8.2
Screven County Elementary School,45.2,35.3,19.5
Screven County Middle School,66.8,24.2,9.0
Screven County High School,48.6,27.4,23.9
Seminole County Middle/High School,43.6,37.2,19.1
Seminole County Elementary School,21.2,46.0,32.8
Spalding High School,37.5,23.6,39.0
Moreland Road Elementary,59.0,32.0,8.9
Carver Road Middle School,25.7,23.8,50.5
Kennedy Road Middle School,27.6,26.9,45.6
Rehoboth Road Middle School,30.4,27.3,42.3
Griffin High School,44.4,21.1,34.4
Cowan Road Elementary School,35.0,36.4,28.6
Jordan Hill Road Elementary School,52.9,30.1,17.1
Futral Road Elementary School,54.6,33.2,12.2
Cowan Road Middle School,38.1,31.3,30.6
AZ Kelsey Academy,15.2,23.9,60.9
Anne Street Elementary School,37.8,38.3,23.9
Jackson Road Elementary School,34.8,31.3,34.0
Beaverbrook Elementary School,40.7,31.8,27.5
Crescent Road Elementary School,57.1,25.9,17.0
Moore Elementary School,37.3,29.4,33.3
Orrs Elementary School,43.9,30.4,25.7
Stephens County Middle School,40.7,34.1,25.2
Toccoa Elementary School,49.3,36.7,14.1
Stephens County Fifth Grade Academy,44.0,39.7,16.2
Stephens County High School,34.7,33.0,32.3
Stewart County Middle School,50.4,16.8,32.8
Stewart County Elementary School,61.0,20.5,18.5
Stewart County High School,85.5,13.7,0.9
Sumter County Primary School,59.8,22.7,17.5
Americus Sumter High School (Old Americus-Sumter HS S),84.9,8.7,6.4
Sumter County Elementary School,52.2,26.2,21.6
Sumter County Middle School,81.7,10.4,8.0
Americus Sumter 9th Grade Academy,62.3,14.8,23.0
Furlow Charter School,51.2,31.9,16.8
Sumter County Intermediate School,68.6,20.5,10.9
Central Elementary/High School,62.0,24.6,13.4
Taliaferro County School,57.4,14.2,28.4
North Tattnall Middle School,45.8,34.2,19.9
Tattnall County High School,44.7,31.8,23.5
South Tattnall Middle School,32.3,43.8,24.0
Glennville Elementary School,48.5,40.1,11.5
Reidsville Elementary School,46.7,38.9,14.4
Taylor County Primary School,57.6,34.5,7.9
Taylor County Upper Elementary,50.3,38.5,11.1
Georgia Center,100.0,0.0,0.0
Taylor County High School,25.8,45.3,29.0
Taylor County Middle School,31.0,40.9,28.1
Telfair County Middle School,52.3,34.0,13.7
Telfair County Elementary,55.1,34.9,10.0
Telfair County High School,56.7,27.2,16.1
Telfair Alternative Preparation School,100.0,0.0,0.0
Terrell High School,83.5,16.5,0.0
Terrell Middle School,98.9,1.1,0.0
Cooper-Carver Elementary School,71.5,24.2,4.3
Bishop Hall Charter School,51.2,29.2,19.6
The Renaissance Center for Academic and Career Development,39.3,23.2,37.5
Thomas County Central High School,45.2,31.4,23.4
Cross Creek Elementary School,53.7,35.2,11.1
Thomas County Middle School,47.1,36.9,16.0
Garrison-Pilcher Elementary School,55.9,35.5,8.6
Annie Belle Clark Elementary School,29.8,40.8,29.3
G. O. Bailey Elementary School,27.3,36.4,36.2
Tift County High School,12.3,25.7,62.1
Eighth Street Middle School,26.0,32.9,41.1
J. T. Reddick Elementary School,33.2,41.2,25.5
Len Lastinger Elementary School,32.7,39.9,27.4
Northeast Middle School,20.3,26.9,52.8
Omega Elementary School,24.1,44.3,31.7
Matt Wilson Elementary School,33.0,38.5,28.5
Charles Spencer Elementary School,29.7,34.9,35.4
Toombs County Middle School,34.9,36.5,28.6
Lyons Primary School,36.8,41.9,21.3
Toombs County High School,19.2,31.4,49.4
Lyons Upper Elementary,38.3,42.4,19.3
Toombs Central Elementary School,37.2,43.9,18.9
Towns County Elementary School,47.0,41.4,11.6
Towns County Middle School,52.1,33.3,14.6
Towns County High School,45.3,34.1,20.5
Treutlen Elementary School,38.3,43.0,18.7
Treutlen Middle/High School,52.0,30.1,17.9
West Point Elementary School,41.0,40.7,18.3
Long Cane Elementary School,48.2,39.3,12.5
Gardner-Newman Middle School,54.6,33.0,12.5
Hollis Hand Elementary School,58.4,30.8,10.7
Callaway High School,53.4,26.5,20.1
Callaway Middle School,45.0,40.6,14.3
Franklin Forest Elementary,50.1,36.7,13.2
Bradfield Center - Ault Academy,82.1,14.3,3.6
Long Cane Middle School,39.9,37.5,22.6
Troup County High School,37.9,30.9,31.2
Hogansville Elementary School,51.0,41.4,7.6
Ethel W. Kight Elementary School,48.7,33.4,17.9
Clearview Elementary School,39.7,38.5,21.9
LaGrange High School,51.3,30.7,18.0
Hillcrest Elementary School,59.3,32.2,8.4
Rosemont Elementary School,54.5,37.9,7.5
Berta Weathersbee Elementary School,25.0,44.9,30.1
Turner County Middle School,48.4,31.6,20.0
Turner County Elementary School,48.5,34.5,17.0
Turner County High School,36.9,22.7,40.3
Jeffersonville Elementary,29.0,29.5,41.5
Twiggs County High School,43.4,19.5,37.1
Twiggs Middle School,64.6,24.1,11.3
Union County High School,58.9,25.6,15.5
Union County Elementary School,81.5,14.0,4.4
Union County Middle School,92.0,3.8,4.2
Union County Primary School,83.4,12.4,4.2
Woody Gap High/Elementary School,58.0,26.1,15.9
Upson-Lee Primary School,44.3,36.5,19.2
Upson-Lee High School,34.7,33.9,31.4
Upson-Lee Elementary School,49.8,37.5,12.7
Upson-Lee Middle School,40.1,37.2,22.7
Rock Spring Elementary School,60.9,30.1,9.0
Chattanooga Valley Middle School,44.7,38.4,16.8
Saddle Ridge Elementary and Middle School,53.1,35.9,11.1
LaFayette Middle School,41.2,32.3,26.5
Ridgeland High School,40.4,29.8,29.8
Rossville Elementary School,34.3,38.6,27.1
Gilbert Elementary School,38.5,39.6,21.9
LaFayette High School,54.5,21.8,23.7
Cherokee Ridge Elementary,40.6,42.2,17.2
North LaFayette Elementary School,45.4,39.2,15.5
Rossville Middle School,37.9,33.3,28.8
Fairyland Elementary School,52.4,39.4,8.1
Naomi Elementary School,45.1,41.8,13.1
Chattanooga Valley Elementary School,47.3,36.5,16.2
Stone Creek Elementary School,35.7,37.5,26.9
Atha Road Elementary School,41.3,39.5,19.2
Youth Middle School,26.8,39.5,33.7
Monroe Elementary,36.8,39.3,23.9
Walnut Grove High School,23.9,36.1,40.0
Bay Creek Elementary School,45.7,37.7,16.5
Loganville Elementary School,54.7,35.7,9.6
Carver Middle School,24.5,33.6,41.9
Loganville High School,35.7,39.8,24.4
Youth Elementary School,45.0,41.9,13.1
Monroe Area High School,24.7,34.9,40.4
Loganville Middle School,35.0,36.4,28.7
Walker Park Elementary School,43.5,42.2,14.2
Ware County High School,20.1,32.7,47.2
Williams Heights Elementary School,54.0,32.9,13.1
Waycross Middle School,43.3,37.4,19.2
Center Elementary School,49.7,30.9,19.4
Ware County Middle School,41.6,37.0,21.4
Ruskin Elementary School,41.0,45.6,13.4
Memorial Drive Elementary School,49.1,37.9,13.1
Waresboro Elementary School,40.4,39.0,20.6
Wacona Elementary School,48.7,35.6,15.7
Warren County Middle School,45.8,28.6,25.6
Warren County High School,69.1,25.3,5.6
Freeman Elementary School,38.1,21.4,40.6
T. J. Elder Middle School,42.6,32.6,24.8
Washington County High School,38.5,32.9,28.6
Ridge Road Primary School,35.3,37.3,27.4
Ridge Road Elementary School,38.3,38.2,23.5
Wayne County High School,23.4,33.8,42.8
Martha Puckett Middle School,25.2,37.2,37.6
Arthur Williams Middle School,30.4,37.4,32.2
Martha Rawls Smith Elementary School,27.4,42.8,29.8
Bacon Elementary School,33.8,41.1,25.1
Jesup Elementary School,33.9,43.9,22.2
Screven Elementary School,24.6,44.5,30.8
Odum Elementary School,26.8,45.7,27.5
Webster County Elementary/Middle School,66.8,23.3,9.9
Webster County High School,61.3,30.7,8.0
Wheeler County Elementary School,40.5,48.2,11.3
Wheeler County Middle School,42.8,42.4,14.8
Wheeler County High School,41.3,28.1,30.7
Tesnatee Gap Elementary (Old White Co. Intermediate),49.4,40.4,10.2
Mount Yonah Elementary School,53.3,40.1,6.6
White County High School,40.5,33.8,25.7
Mossy Creek Elementary School,40.4,46.6,13.1
White County Middle School,50.7,34.8,14.4
Jack P Nix Elementary School,54.5,40.0,5.5
New Hope Middle School,48.9,41.9,9.3
Coahulla Creek High School,49.4,33.1,17.5
Northwest Whitfield County High School,46.5,35.7,17.8
New Hope Elementary School,60.1,33.7,6.2
Beaverdale Elementary School,43.8,45.6,10.7
Cedar Ridge Elementary,48.3,42.8,8.9
Southeast Whitfield County High School,41.4,36.3,22.3
Eastbrook Middle School,48.7,37.2,14.1
North Whitfield Middle School,46.9,40.6,12.5
Valley Point Middle School,46.3,37.4,16.3
Antioch Elementary School,53.9,38.6,7.5
Varnell Elementary School,47.7,48.2,4.1
Cohutta Elementary School,49.8,44.5,5.7
Dawnville Elementary School,65.5,29.9,4.6
Tunnel Hill Elementary School,59.0,35.8,5.2
Dug Gap Elementary School,57.1,36.4,6.5
Valley Point Elementary School,45.1,44.7,10.2
Wilcox County Middle School,41.8,38.9,19.3
Wilcox County Elementary School,55.1,34.8,10.1
Wilcox County High School,37.0,32.2,30.8
Washington-Wilkes Primary School,57.7,38.7,3.6
Washington-Wilkes Comprehensive High School,33.1,41.0,26.0
Washington-Wilkes Elementary School,56.4,36.8,6.8
Washington-Wilkes Middle School,37.6,39.0,23.4
Wilkinson County Elementary School,62.6,35.0,2.4
Wilkinson County Middle School,94.2,1.6,4.2
Wilkinson County Primary School,78.3,18.4,3.2
Wilkinson County High School,87.7,9.7,2.6
Worth County Elementary School,34.8,42.7,22.4
Worth County High School,37.8,30.8,31.4
Worth County Middle School,44.6,40.6,14.7
Worth County Primary School,43.0,41.4,15.6
Worth County Achievement Center,30.3,30.3,39.4
Brown Middle School,11.6,17.4,71.0
Parkside Elementary School,47.8,15.7,36.5
Heritage Academy Elementary,30.5,26.9,42.6
Finch Elementary,17.9,24.0,58.1
Early College High School at Carver,32.2,18.1,49.7
Kipp Strive Academy,66.7,19.2,14.1
Springdale Park Elementary School,83.4,11.8,4.7
KIPP VISION,80.2,14.5,5.3
Kindezi,54.2,25.1,20.7
Long Middle School,14.0,16.1,69.9
Bunche Middle School,20.7,21.9,57.4
Mays High School,36.0,17.3,46.7
"Maynard H. Jackson, Jr. High School",33.2,15.5,51.3
Sylvan Hills Middle School,19.2,20.1,60.7
North Atlanta High School,53.0,21.1,25.9
Cascade Elementary School,20.5,26.2,53.3
Centennial Academy,41.3,24.8,33.8
Charles R. Drew Charter School,59.5,24.5,16.1
Atlanta Neighborhood Charter - Middle,71.9,20.0,8.1
Hillside Conant School,99.5,0.5,0.0
KIPP Atlanta Collegiate Academy,48.1,26.0,25.9
KIPP Strive Primary,57.3,23.4,19.3
KIPP Vision Primary,59.2,27.3,13.5
Kipp WAYS Primary School,42.7,31.7,25.5
Young Middle School,22.9,18.3,58.8
Price Middle School,23.2,16.2,60.6
Perkerson Elementary School,21.8,28.1,50.1
Bolton Academy,72.3,14.5,13.3
Deerwood Academy School,30.9,26.7,42.4
Burgess-Peterson Elementary School,68.3,16.2,15.4
Westside Atlanta Charter School,63.2,19.6,17.3
Booker T. Washington High School,23.3,17.9,58.9
King Middle School,27.5,16.5,56.1
APS-Forrest Hills Academy,60.5,18.4,21.1
Atlanta Classical Academy,86.7,10.7,2.6
Atlanta Neighborhood Charter - Elementary,86.4,9.4,4.2
Miles Elementary School,21.9,23.6,54.5
Charles Drew Charter School JA/SA,48.6,22.5,28.9
Bazoline E. Usher/Collier Heights Elmentary School,28.1,26.9,45.0
KIPP West Atlanta Young Scholars Academy,59.3,21.0,19.8
Boyd Elementary School,11.9,15.2,73.0
Hutchinson Elementary School,15.9,20.9,63.2
Kimberly Elementary School,17.5,27.4,55.1
Rivers Elementary School,72.3,16.5,11.2
Wesley International Academy Charter Facility,50.1,25.6,24.3
Therrell High School,37.9,19.9,42.3
Corretta Scott King Womens' Leadership Academy,27.0,22.3,50.7
B.E.S.T Academy,26.6,20.6,52.8
South Atlanta High School,19.1,16.9,64.0
Michael R. Hollis Innovation Academy,12.5,22.0,65.5
Woodson Park Academy,12.0,22.5,65.5
Tuskegee Airman Global Academy,22.1,36.0,41.9
Kindezi Old 4th Ward,47.8,22.8,29.4
John Lewis Invictus Academy,12.7,17.4,70.0
KIPP Soul Primary,25.1,45.9,29.0
Garden Hills Elementary School,58.0,25.1,16.9
Smith Elementary School,78.7,14.4,6.9
Brandon Elementary School,81.2,15.1,3.7
The John Hope-Charles Walter Hill Elementary Schools,23.0,22.7,54.3
Gideons Elementary School,23.9,24.6,51.5
Lin Elementary School,87.2,10.6,2.2
West Manor Elementary School,28.2,29.4,42.5
Beecher Hills Elementary School,55.6,25.6,18.8
Continental Colony Elementary School,28.5,26.9,44.7
Peyton Forest Elementary School,30.0,25.1,44.9
Sutton Middle School,60.7,16.7,22.6
Fickett Elementary School,28.1,26.9,45.1
Scott Elementary School,47.7,33.6,18.7
Douglass High School,31.3,18.7,50.0
M. A. Jones Elementary School,30.0,27.9,42.0
Slater Elementary School,16.9,24.4,58.7
Grady High School,56.6,18.1,25.3
Benteen Elementary School,45.7,14.6,39.8
Barack and Michelle Obama Academy,19.7,23.9,56.4
Thomasville Heights Elementary School,7.1,14.2,78.6
Dunbar Elementary School,12.6,22.3,65.0
Humphries Elementary School,18.9,25.8,55.3
F. L. Stanton Elementary School,19.1,25.0,55.9
Toomer Elementary School,35.1,21.9,43.0
Bremen High School,65.4,26.8,7.9
Bremen Middle School,62.7,32.3,5.0
Jones Elementary School,58.3,36.4,5.3
Buford Academy,64.1,30.5,5.3
Buford Middle School,47.5,33.7,18.8
Buford High School,42.3,35.0,22.7
Calhoun Middle School,49.8,37.2,13.0
Calhoun Elementary School,45.6,41.2,13.2
Calhoun High School,43.8,34.3,21.9
Carrollton Elementary School,38.7,41.1,20.3
Carrollton High School,39.6,34.4,26.0
Carrollton Jr. High School,32.5,37.6,29.9
Cartersville Primary School,54.8,36.8,8.4
Cartersville Elementary School,55.3,37.6,7.1
Cartersville Middle School,58.4,32.3,9.3
Cartersville High School,63.4,27.3,9.3
Gordon Lee Middle School,67.1,26.3,6.6
Gordon Lee High School,59.8,32.0,8.3
Chickamauga Elementary School,70.2,26.4,3.4
Commerce Primary,44.3,43.2,12.5
Commerce Middle School,48.9,38.2,12.9
Commerce High School,46.3,37.4,16.3
Commerce Elementary School,51.9,37.7,10.4
Park Creek Elementary School,60.6,35.1,4.3
Morris Innovative High School,47.4,23.7,28.9
Westwood Elementary School,64.7,31.3,4.0
Dalton Middle School,54.6,35.3,10.1
City Park Elementary School,52.1,40.5,7.4
Roan Elementary School,65.2,27.6,7.1
Dalton High School,61.6,24.9,13.5
Oakhurst Elementary School,84.4,13.4,2.2
Westchester Elementary School,95.8,2.8,1.4
Winnona Park Elementary School,89.7,9.7,0.6
Clairemont Elementary School,79.7,13.4,6.9
Renfroe Middle School,97.9,2.0,0.1
Decatur High School,84.4,10.9,4.6
Dublin Middle School,41.8,24.0,34.2
Hillcrest Elementary,48.5,25.4,26.1
Dublin High School,33.2,16.6,50.3
Susie Dasher,40.0,24.9,35.1
Moore Street Facility,98.2,1.8,0.0
New Holland Core Knowledge Academy,53.2,36.6,10.2
Gainesville Middle School,51.6,29.3,19.1
Centennial Arts Academy,46.3,37.8,16.0
Gainesville Exploration Academy,56.4,31.6,12.0
Mundy Mill Academy,58.5,32.9,8.6
Enota Multiple Intelligences Academy,54.9,31.0,14.1
Fair Street International Baccalaureate World School,48.6,37.6,13.8
Gainesville High School,34.3,26.1,39.6
Jefferson Middle School,25.6,40.2,34.2
Jefferson Academy,28.6,46.4,25.1
Jefferson High School,24.1,36.3,39.5
Jefferson Elementary School,39.8,42.7,17.5
Sawyer Road Elementary School,61.0,32.8,6.3
Marietta Center for Advanced Academics,85.6,13.1,1.3
A.L. Burruss Elementary School,65.1,25.5,9.4
Dunleith Elementary School,55.0,34.7,10.4
George W. Hartmann Center,100.0,0.0,0.0
Lockheed Elementary School,49.8,38.6,11.6
Marietta Sixth Grade Academy,41.1,35.1,23.8
Park Street Elementary School,56.1,31.9,12.0
Hickory Hills Elementary School,69.5,26.6,4.0
Mountain Education Charter High School,7.7,9.9,82.3
Odyssey Charter School,72.6,23.4,4.0
Georgia Cyber Academy,71.8,23.9,4.3
Utopian Academy for the Arts Charter School,37.3,36.9,25.8
Cherokee Charter Academy,69.2,23.2,7.6
Georgia Connections Academy,85.8,6.8,7.4
"Ivy Preparatory Academy, Inc",45.9,26.5,27.6
International Charter School of Atlanta,82.3,16.2,1.4
Scintilla Charter Academy,60.5,34.5,5.0
Georgia School for Innovation and the Classics,44.3,42.6,13.1
Dubois Integrity Academy,95.1,3.7,1.2
Coastal Plains Charter High School - Candler Campus,14.3,12.7,73.0
Statesboro STEAM Academy,95.4,4.6,0.0
Pataula Charter Academy,71.7,25.8,2.5
Fulton Leadership Academy,61.2,19.7,19.1
Atlanta Heights Charter School,47.8,23.9,28.3
Coweta Charter Academy,58.6,29.4,12.0
Cirrus Charter Academy,46.1,37.3,16.6
Southwest Georgia S.T.E.M. Charter Academy,39.6,44.6,15.8
Brookhaven Innovation Academy,59.1,25.2,15.7
Liberty Tech Charter Academy,61.6,31.0,7.4
Genesis Innovation Academy for Boys,65.5,20.1,14.4
Genesis Innovation Academy for Girls,59.2,29.1,11.7
Resurgence Hall Charter School,47.0,34.0,19.0
SAIL Charter Academy - School for Arts-Infused Learning,61.1,32.4,6.5
International Academy of Smyrna,54.3,28.8,16.9
International Charter Academy of Georgia,85.4,11.2,3.4
SLAM Academy of Atlanta,74.2,21.6,4.1
Pelham High School,62.6,28.0,9.4
Pelham City Middle School,70.0,27.2,2.8
Pelham Elementary School,80.2,18.1,1.7
Elm Street Elementary,60.4,29.5,10.1
West Central Elementary School,69.4,26.5,4.1
Rome High School,31.8,31.3,36.9
East Central Elementary School,68.1,25.8,6.0
Rome Middle School,41.0,36.4,22.7
Anna K. Davie Elementary,40.4,34.9,24.6
West End Elementary School,72.5,22.0,5.5
Social Circle Primary School,52.4,35.2,12.3
Social Circle Middle School,45.2,39.7,15.1
Social Circle Elementary School,63.4,32.5,4.2
Social Circle High School,44.6,40.4,15.0
MacIntyre Park Middle School,58.0,31.5,10.5
Thomasville High School,45.9,28.0,26.1
Jerger Elementary School,58.5,34.3,7.2
Trion Elementary School,40.2,42.7,17.2
Trion Middle School,55.2,37.6,7.2
Trion High School,46.0,39.2,14.7
Sallas Mahone Elementary,60.8,34.9,4.3
Valdosta Middle School,61.0,29.5,9.5
J. L. Lomax Elementary School,59.2,33.1,7.7
Pinevale Elementary School,51.4,37.6,11.0
Newbern Middle School,58.3,27.9,13.8
Valdosta High School,44.8,31.4,23.8
S.L. Mason Elementary School,61.5,30.2,8.4
W.G. Nunn Elementary,59.4,33.1,7.5
J. R. Trippe Middle School,76.9,17.3,5.8
Vidalia Comprehensive High School,68.8,21.3,9.9
J. D. Dickerson Primary School,46.0,37.7,16.3
Sally Dailey Meadows Elementary School,41.4,38.2,20.4
Atlanta Area School for the Deaf,35.4,28.0,36.6
Georgia Academy for the Blind,47.3,31.9,20.9
Georgia School for the Deaf,50.0,34.1,15.9
Atlanta Youth Detention Center,90.2,7.8,2.0
Augusta Youth Development Campus,60.6,26.8,12.7
Muscogee Youth Development Center,100.0,0.0,0.0
Macon Youth Development Campus,100.0,0.0,0.0
Eastman Youth Development Campus,100.0,0.0,0.0
Millegeville ITU,81.8,12.1,6.1
